MainID,TaxonID,TaxonName,CommonName,TaxonomicPhylum,TaxonomicClass,TaxonomicOrder,Mass_g,Length_mm,MinAge_mo,Lifespan_mo,Fertility,TrL,Notes,,
2770,224,Phylloscopus collybita,Chiffchaff,Chordata,Aves,Passeriformes,8,100,10,84,5,4,,,
1184,189,Certhia americana,Brown creeper,Chordata,Aves,Passeriformes,8.4,130,10,72,7,5,,,
2771,223,Phylloscopus trochilus,Willow warbler,Chordata,Aves,Passeriformes,9,90,10,84,12,4,,,
1163,175,Troglodytes aedon,House wren,Chordata,Aves,Passeriformes,10.9,120,10,84,12,4,,,
6530,208,Parus caeruleus,Blue tit,Chordata,Aves,Passeriformes,13.3,115,10,60,12,4,,,
1159,171,Contopus virens,Eastern wood-pewee,Chordata,Aves,Passeriformes,14,160,12,60,6,5,,,
1170,184,Passerina cyanea,Indigo bunting,Chordata,Aves,Passeriformes,14.5,140,12,96,5,3,,,
6851,116,Sprattus sprattus,Sprat,Chordata,Osteichthyes,Clupeiformes,15,120,14,72,10000,5,,,
57,61,Anthus pratensis,Meadow pipit,Chordata,Aves,Passeriformes,18,145,12,84,8,4,,,
2772,218,Luscinia megahrynchos,Nightingale,Chordata,Aves,Passeriformes,18.3,160,12,96,5,4,,,
9200,207,Parus major,Great tit,Chordata,Aves,Passeriformes,19,130,10,60,10,4,,,
65,69,Prunella modularis,Hedge sparrow or Dunnock,Chordata,Aves,Passeriformes,19.7,140,12,72,10,4,,,
1188,151,Junco hyemalis,Dark-eyed junco,Chordata,Aves,Passeriformes,20,160,12,120,8,4,,,
1189,190,Spizella arborea,American tree sparrow,Chordata,Aves,Passeriformes,20,160,10,60,6,4,,,
1183,188,Sitta carolinensis,White-breasted nuthatch,Chordata,Aves,Passeriformes,21,150,12,72,10,5,,,
1211,191,Melospiza melodia,Song sparrow,Chordata,Aves,Passeriformes,21,180,12,120,8,5,,,
1162,174,Parus bicolor,Tufted titmouse,Chordata,Aves,Passeriformes,21.6,135,12,72,10,3,,,
1182,174,Parus bicolor,Tufted titmouse,Chordata,Aves,Passeriformes,21.6,135,12,72,10,3,,,
9792,51,Clethrionomys glareolus,Bank vole,Chordata,Mammalia,Rodentia,22,133,4,24,18,4,,,
9921,51,Clethrionomys glareolus,Bank vole,Chordata,Mammalia,Rodentia,22,133,4,24,18,4,,,
9919,392,Clethrionomys rutilus,Northern red-backed vole,Chordata,Mammalia,Rodentia,23,133,4,24,18,4,,,
58,62,Oenanthe oenanthe,Wheatear,Chordata,Aves,Passeriformes,23,150,12,84,12,4,,,
2778,62,Oenanthe oenanthe,Wheatear,Chordata,Aves,Passeriformes,23,150,12,84,12,4,,,
9791,50,Apodemus sylvaticus,Wood mouse,Chordata,Mammalia,Rodentia,23,212,2,18,36,4,,,
9917,390,Microtus agrestis,Field vole,Chordata,Mammalia,Rodentia,27,160,1,18,15,4,,,
9923,12071,Microtus,Voles,Chordata,Mammalia,Rodentia,27,160,1,18,15,3,,,
1157,169,Picoides pubescens,Downy woodpecker,Chordata,Aves,Piciformes,27,170,10,96,10,4,,,
1179,169,Picoides pubescens,Downy woodpecker,Chordata,Aves,Piciformes,27,170,10,96,10,4,,,
9918,391,Microtus oeconomus,Root vole,Chordata,Mammalia,Rodentia,32,155,1,18,18,4,,,
1158,170,Myiarchus crinitus,Great crested flycatcher,Chordata,Aves,Passeriformes,33.5,200,12,108,8,5,,,
9894,393,Clethrionomys rufocanus,"Grey-sided vole, red-grey vole",Chordata,Mammalia,Rodentia,39,133,4,24,18,4,,,
9920,393,Clethrionomys rufocanus,"Grey-sided vole, red-grey vole",Chordata,Mammalia,Rodentia,39,133,4,24,18,4,,,
6837,113,Pomatoschistus minutus,Sand goby,Chordata,Osteichthyes,Perciformes,40,70,10,36,2000,5,,,
59,63,Alauda arvensis,Skylark,Chordata,Aves,Passeriformes,40,180,12,120,15,4,,,
2775,63,Alauda arvensis,Skylark,Chordata,Aves,Passeriformes,40,180,12,120,15,4,,,
1169,183,Cardinalis cardinalis,Cardinal,Chordata,Aves,Passeriformes,45,220,12,96,7,4,,,
1187,183,Cardinalis cardinalis,Cardinal,Chordata,Aves,Passeriformes,45,220,12,96,7,4,,,
6798,97,Ciliata mustela,5-bearded rockling,Chordata,Osteichthyes,Gadiformes,50,200,12,36,9000,4,,,
6524,11093,Microtus californicus,California vole,Chordata,Mammalia,Rodentia,56,172,2,18,18,3,,,
6525,11093,Microtus californicus,California vole,Chordata,Mammalia,Rodentia,56,172,2,18,18,3,,,
9955,11093,Microtus californicus,California vole,Chordata,Mammalia,Rodentia,56,172,2,18,18,3,,,
1154,166,Melanerpes carolinus,Red-bellied woodpecker,Chordata,Aves,Piciformes,62,240,10,96,10,4,,,
1176,166,Melanerpes carolinus,Red-bellied woodpecker,Chordata,Aves,Piciformes,62,240,10,96,10,4,,,
1150,162,Coccyzus americanus,Yellow billed cuckoo,Chordata,Aves,Cuculiformes,64,265,6,81,5,5,,,
1178,168,Picoides villosus,Hairy woodpecker,Chordata,Aves,Piciformes,66,240,12,84,8,4,,,
9893,12067,Lanius excubitor,Northern shrike,Chordata,Aves,Passeriformes,66,250,12,96,7,5,,,
1155,167,Melanerpes erythrocephalus,Red-headed woodpecker,Chordata,Aves,Piciformes,71.6,240,12,96,10,4,,,
60,64,Sturnus vulgaris,Starling,Chordata,Aves,Passeriformes,82,220,10,84,12,4,,,
1166,64,Sturnus vulgaris,Starling,Chordata,Aves,Passeriformes,82,220,10,84,12,4,,,
1180,172,Cyanocitta cristata,Blue jay,Chordata,Aves,Passeriformes,86.8,280,12,108,8,4,,,
6860,119,Trisopterus minutus,Poor-cod,Chordata,Osteichthyes,Gadiformes,100,200,48,120,20000,5,,,
5037,760,Falco sparverius,American hawk,Chordata,Aves,Falconiformes,116,270,18,120,5,5,,,
5038,760,Falco sparverius,American hawk,Chordata,Aves,Falconiformes,116,270,18,120,5,5,,,
1153,165,Colaptes auratus,Common flicker,Chordata,Aves,Piciformes,132,320,10,84,12,4,,,
1213,165,Colaptes auratus,Common flicker,Chordata,Aves,Piciformes,132,320,10,84,12,4,,,
9793,12055,Pterocles namaqua,Namaqua sandgrouse,Chordata,Aves,Pteroclidiformes,177,280,12,60,4,3,,,
2726,733,Colinus virginianus,Northern bobwhite or Bobwhite quail,Chordata,Aves,Galliformes,178,200,10,60,12,4,,,
6821,106,Liparis liparis,Common sea snail,Chordata,Osteichthyes,Perciformes,200,140,36,120,NA,5,,,
61,65,Vanellus vanellus,Lapwing,Chordata,Aves,Charadriiformes,219,300,12,216,4,5,,,
2774,65,Vanellus vanellus,Lapwing,Chordata,Aves,Charadriiformes,219,300,12,216,4,5,,,
6848,11103,Solea solea,Sole,Chordata,Osteichthyes,Pleuronectiformes,300,350,22,240,2.00E+05,5,,,
9687,409,Perdix perdix,Grey partridge,Chordata,Aves,Galliformes,390,300,10,96,15,4,,,
6859,118,Trisopterus luscus,Pout,Chordata,Osteichthyes,Gadiformes,400,300,14,60,4.00E+05,5,,,
6633,11116,Rissa tridactyla,Kittiwake,Chordata,Aves,Charadriiformes,407,390,12,240,2,5,,,
9953,734,Lagopus mutus,Rock ptarmigan,Chordata,Aves,Galliformes,422,360,10,84,7,3,,,
1,1,Bonasa bonasia,Hazel grouse,Chordata,Aves,Galliformes,429,375,10,60,8,3,,,
9338,1,Bonasa bonasia,Hazel grouse,Chordata,Aves,Galliformes,429,375,10,60,8,3,,,
9796,1,Bonasa bonasia,Hazel grouse,Chordata,Aves,Galliformes,429,375,10,60,8,3,,,
5040,761,Circus cyaneus,Marsh hawk or Hen harrier,Chordata,Aves,Falconiformes,435,500,24,144,3,5,,,
5041,761,Circus cyaneus,Marsh hawk or Hen harrier,Chordata,Aves,Falconiformes,435,500,24,144,3,5,,,
1161,173,Corvus brachyrhynchos.,Common crow or American crow,Chordata,Aves,Passeriformes,448,450,24,180,5,4,,,
1181,173,Corvus brachyrhynchos.,Common crow or American crow,Chordata,Aves,Passeriformes,448,450,24,180,5,4,,,
6825,108,Merlangius merlangus,Whiting,Chordata,Osteichthyes,Gadiformes,500,350,36,240,4.00E+05,5,,,
6789,93,Alosa fallax,Twaite shad,Chordata,Osteichthyes,Clupeiformes,500,450,36,300,10000,5,,,
56,9,Haematopus ostralegus,Eurasian oystercatcher,Chordata,Aves,Charadriiformes,526,440,36,240,3,5,,,
2773,9,Haematopus ostralegus,Eurasian oystercatcher,Chordata,Aves,Charadriiformes,526,440,36,240,3,5,,,
9797,11191,Lagopus lagopus,Willow grouse,Chordata,Aves,Galliformes,550,390,10,84,7,3,,,
5043,762,Buteo lineatus,Red-shouldered hawk or Buzzard,Chordata,Aves,Falconiformes,559,420,24,144,3,5,,,
64,68,Corvus corone,Carrion crow,Chordata,Aves,Passeriformes,570,435,24,180,5,4,,,
2777,68,Corvus corone,Carrion crow,Chordata,Aves,Passeriformes,570,435,24,180,5,4,,,
9469,417,Bonasa umbellus,Ruffed grouse,Chordata,Aves,Galliformes,577,430,10,48,10,4,,,
9470,417,Bonasa umbellus,Ruffed grouse,Chordata,Aves,Galliformes,577,430,10,48,10,4,,,
6820,105,Limanda limanda,Dab,Chordata,Osteichthyes,Pleuronectiformes,750,300,60,144,80000,5,,,
6832,110,Platichthys flesus,Flounder,Chordata,Osteichthyes,Pleuronectiformes,750,350,36,180,1.00E+06,5,,,
5044,763,Buteo lagopus,Rough-legged hawk (buzzard),Chordata,Aves,Falconiformes,956,560,24,216,5,5,,,
1869,10225,Oncorhynchus gorbuscha,Pink salmon,Chordata,Osteichthyes,Salmoniformes,1000,400,18,48,1500,5,,,
1870,10225,Oncorhynchus gorbuscha,Pink salmon,Chordata,Osteichthyes,Salmoniformes,1000,400,18,48,1500,5,,,
9489,78,Mustela vison,North American mink,Chordata,Mammalia,Carnivora,1000,560,12,120,5,5,,,
9490,78,Mustela vison,North American mink,Chordata,Mammalia,Carnivora,1000,560,12,120,5,5,,,
9491,79,Ondatra zibethicus,Muskrat,Chordata,Mammalia,Rodentia,1000,575,12,60,18,4,,,
9492,79,Ondatra zibethicus,Muskrat,Chordata,Mammalia,Rodentia,1000,575,12,60,18,4,,,
6529,11095,Milvus milvus,Red kite,Chordata,Aves,Falconiformes,1080,635,12,264,2,5,,,
9795,411,Tetrao tetrix,Black grouse,Chordata,Aves,Galliformes,1083,500,14,60,8,4,,,
1173,187,Phasianus colchicus,Ring-necked pheasant,Chordata,Aves,Galliformes,1135,700,10,96,12,4,,,
6822,107,Liza ramada,Thinlipped grey mullet,Chordata,Osteichthyes,Perciformes,1200,450,48,84,NA,5,,,
5039,186,Buteo jamaicensis,Red-tailed hawk,Chordata,Aves,Falconiformes,1362,550,24,192,3,5,,,
2759,739,Oncorhynchus nerka,Sockeye salmon,Chordata,Osteichthyes,Salmoniformes,1400,500,24,84,3000,5,,,
6528,11094,Phalacrocorax aristotelis,Shag,Chordata,Aves,Pelecaniformes,1769,715,12,180,3,5,,,
2721,416,Lepus americanus,Snowshoe hare or American varying hare,Chordata,Mammalia,Lagomorpha,2000,450,12,60,16,3,,,
9488,416,Lepus americanus,Snowshoe hare or American varying hare,Chordata,Mammalia,Lagomorpha,2000,450,12,60,16,3,,,
6635,30,Somateria mollissima,Common eider,Chordata,Aves,Anseriformes,2067,605,12,180,5,4,,,
6791,94,Anguilla anguilla,Common eel,Chordata,Osteichthyes,Anguilliformes,2750,1050,180,300,1450000,5,,,
9503,55,Martes pennanti,Fisher or  Pekan,Chordata,Mammalia,Carnivora,2876,975,12,120,6,5,,,
9794,11192,Tetrao urogallus,Western capercaillie or Wood grouse,Chordata,Aves,Galliformes,2950,900,10,120,8,3,,,
9194,74,Alopex lagopus,Arctic fox,Chordata,Mammalia,Carnivora,5000,873,10,48,9,5,,,
9493,405,Vulpes ,Fox,Chordata,Mammalia,Carnivora,5200,1100,12,144,5,4,used N American red fix,,
9494,405,Vulpes ,Fox,Chordata,Mammalia,Carnivora,5200,1100,12,144,5,4,used N American red fix,,
9495,405,Vulpes ,Fox,Chordata,Mammalia,Carnivora,5200,1100,12,144,5,4,used N American red fix,,
9496,405,Vulpes ,Fox,Chordata,Mammalia,Carnivora,5200,1100,12,144,5,4,used N American red fix,,
9497,405,Vulpes ,Fox,Chordata,Mammalia,Carnivora,5200,1100,12,144,5,4,used N American red fix,,
9498,405,Vulpes ,Fox,Chordata,Mammalia,Carnivora,5200,1100,12,144,5,4,used N American red fix,,
9499,405,Vulpes ,Fox,Chordata,Mammalia,Carnivora,5200,1100,12,144,5,4,used N American red fix,,
1347,412,Grus americana,Whooping crane,Chordata,Aves,Gaviiformes,5826,1450,48,264,2,4,,,
6807,101,Dicentrarchus labrax,Bass,Chordata,Osteichthyes,Perciformes,7500,1000,40,180,230000,5,,,
9833,81,Myocastor coypus,Nutria or Coypu,Chordata,Mammalia,Rodentia,8000,896,8,72,6,3,,,
9834,81,Myocastor coypus,Nutria or Coypu,Chordata,Mammalia,Rodentia,8000,896,8,72,6,3,,,
2722,75,Lynx canadensis,Canadian lynx,Chordata,Mammalia,Carnivora,9900,870,10,180,3,5,,,
5019,790,Macaca sylvanus,Barbary macaque,Chordata,Mammalia,Primates,11200,600,30,240,0.5,4,,,
5020,790,Macaca sylvanus,Barbary macaque,Chordata,Mammalia,Primates,11200,600,30,240,0.5,4,,,
6801,99,Conger conger,Conger,Chordata,Osteichthyes,Anguilliformes,13176,2000,60,120,3.00E+06,5,,,
9500,59,Canis latrans,Coyote or  Prarie wolf,Chordata,Mammalia,Carnivora,15000,1300,12,180,6,5,,,
9501,59,Canis latrans,Coyote or  Prarie wolf,Chordata,Mammalia,Carnivora,15000,1300,12,180,6,5,,,
9502,59,Canis latrans,Coyote or  Prarie wolf,Chordata,Mammalia,Carnivora,15000,1300,12,180,6,5,,,
9404,11931,Lynx lynx,Eurasian lynx,Chordata,Mammalia,Carnivora,20000,1227,20,204,2,5,,,
9391,89,Canis lupus,Grey wolf or Timber wolf,Chordata,Mammalia,Carnivora,45000,1535,24,180,6,5,,,
9393,89,Canis lupus,Grey wolf or Timber wolf,Chordata,Mammalia,Carnivora,45000,1535,24,180,6,5,,,
7065,11323,Thrips imaginis,Apple blossom thrip,Arthropoda,Insecta,Thysanoptera,0.00006,1,0.5,2.1,300,3,cylindrical scaling,,
8363,11300,Elatobium abietinum,Spruce aphid,Arthropoda,Insecta,Hemiptera,0.0002,1.5,1,3,85,3,cylindrical scaling,,
8149,11294,Brachycaudas helichrysi,Leaf curling aphid,Arthropoda,Insecta,Hemiptera,0.0003,1.7,1,3,45,3,cylindrical scaling,,
8177,11294,Brachycaudas helichrysi,Leaf curling aphid,Arthropoda,Insecta,Hemiptera,0.0003,1.7,1,3,45,3,cylindrical scaling,,
8206,11294,Brachycaudas helichrysi,Leaf curling aphid,Arthropoda,Insecta,Hemiptera,0.0003,1.7,1,3,45,3,cylindrical scaling,,
8239,11294,Brachycaudas helichrysi,Leaf curling aphid,Arthropoda,Insecta,Hemiptera,0.0003,1.7,1,3,45,3,cylindrical scaling,,
8267,11294,Brachycaudas helichrysi,Leaf curling aphid,Arthropoda,Insecta,Hemiptera,0.0003,1.7,1,3,45,3,cylindrical scaling,,
8297,11294,Brachycaudas helichrysi,Leaf curling aphid,Arthropoda,Insecta,Hemiptera,0.0003,1.7,1,3,45,3,cylindrical scaling,,
8326,11294,Brachycaudas helichrysi,Leaf curling aphid,Arthropoda,Insecta,Hemiptera,0.0003,1.7,1,3,45,3,cylindrical scaling,,
8357,11294,Brachycaudas helichrysi,Leaf curling aphid,Arthropoda,Insecta,Hemiptera,0.0003,1.7,1,3,45,3,cylindrical scaling,,
8387,11294,Brachycaudas helichrysi,Leaf curling aphid,Arthropoda,Insecta,Hemiptera,0.0003,1.7,1,3,45,3,cylindrical scaling,,
8417,11294,Brachycaudas helichrysi,Leaf curling aphid,Arthropoda,Insecta,Hemiptera,0.0003,1.7,1,3,45,3,cylindrical scaling,,
8447,11294,Brachycaudas helichrysi,Leaf curling aphid,Arthropoda,Insecta,Hemiptera,0.0003,1.7,1,3,45,3,cylindrical scaling,,
8477,11294,Brachycaudas helichrysi,Leaf curling aphid,Arthropoda,Insecta,Hemiptera,0.0003,1.7,1,3,45,3,cylindrical scaling,,
8508,11294,Brachycaudas helichrysi,Leaf curling aphid,Arthropoda,Insecta,Hemiptera,0.0003,1.7,1,3,45,3,cylindrical scaling,,
8539,11294,Brachycaudas helichrysi,Leaf curling aphid,Arthropoda,Insecta,Hemiptera,0.0003,1.7,1,3,45,3,cylindrical scaling,,
8569,11294,Brachycaudas helichrysi,Leaf curling aphid,Arthropoda,Insecta,Hemiptera,0.0003,1.7,1,3,45,3,cylindrical scaling,,
8599,11294,Brachycaudas helichrysi,Leaf curling aphid,Arthropoda,Insecta,Hemiptera,0.0003,1.7,1,3,45,3,cylindrical scaling,,
8629,11294,Brachycaudas helichrysi,Leaf curling aphid,Arthropoda,Insecta,Hemiptera,0.0003,1.7,1,3,45,3,cylindrical scaling,,
8347,11313,Phorodon humuli,Hop aphid,Arthropoda,Insecta,Hemiptera,0.0004,1.9,0.5,1,80,3,cylindrical scaling,,
8407,11313,Phorodon humuli,Hop aphid,Arthropoda,Insecta,Hemiptera,0.0004,1.9,0.5,1,80,3,cylindrical scaling,,
8437,11313,Phorodon humuli,Hop aphid,Arthropoda,Insecta,Hemiptera,0.0004,1.9,0.5,1,80,3,cylindrical scaling,,
8467,11313,Phorodon humuli,Hop aphid,Arthropoda,Insecta,Hemiptera,0.0004,1.9,0.5,1,80,3,cylindrical scaling,,
8498,11313,Phorodon humuli,Hop aphid,Arthropoda,Insecta,Hemiptera,0.0004,1.9,0.5,1,80,3,cylindrical scaling,,
8528,11313,Phorodon humuli,Hop aphid,Arthropoda,Insecta,Hemiptera,0.0004,1.9,0.5,1,80,3,cylindrical scaling,,
8559,11313,Phorodon humuli,Hop aphid,Arthropoda,Insecta,Hemiptera,0.0004,1.9,0.5,1,80,3,cylindrical scaling,,
8589,11313,Phorodon humuli,Hop aphid,Arthropoda,Insecta,Hemiptera,0.0004,1.9,0.5,1,80,3,cylindrical scaling,,
8650,11313,Phorodon humuli,Hop aphid,Arthropoda,Insecta,Hemiptera,0.0004,1.9,0.5,1,80,3,cylindrical scaling,,
8185,121,Hyperomyzus lactucae,Currant-Sowthistle aphid,Arthropoda,Insecta,Hemiptera,0.0005,2,0.5,1,45,3,cylindrical scaling,,
8214,121,Hyperomyzus lactucae,Currant-Sowthistle aphid,Arthropoda,Insecta,Hemiptera,0.0005,2,0.5,1,45,3,cylindrical scaling,,
8247,121,Hyperomyzus lactucae,Currant-Sowthistle aphid,Arthropoda,Insecta,Hemiptera,0.0005,2,0.5,1,45,3,cylindrical scaling,,
8276,121,Hyperomyzus lactucae,Currant-Sowthistle aphid,Arthropoda,Insecta,Hemiptera,0.0005,2,0.5,1,45,3,cylindrical scaling,,
8306,121,Hyperomyzus lactucae,Currant-Sowthistle aphid,Arthropoda,Insecta,Hemiptera,0.0005,2,0.5,1,45,3,cylindrical scaling,,
8335,121,Hyperomyzus lactucae,Currant-Sowthistle aphid,Arthropoda,Insecta,Hemiptera,0.0005,2,0.5,1,45,3,cylindrical scaling,,
8366,121,Hyperomyzus lactucae,Currant-Sowthistle aphid,Arthropoda,Insecta,Hemiptera,0.0005,2,0.5,1,45,3,cylindrical scaling,,
8396,121,Hyperomyzus lactucae,Currant-Sowthistle aphid,Arthropoda,Insecta,Hemiptera,0.0005,2,0.5,1,45,3,cylindrical scaling,,
8426,121,Hyperomyzus lactucae,Currant-Sowthistle aphid,Arthropoda,Insecta,Hemiptera,0.0005,2,0.5,1,45,3,cylindrical scaling,,
8456,121,Hyperomyzus lactucae,Currant-Sowthistle aphid,Arthropoda,Insecta,Hemiptera,0.0005,2,0.5,1,45,3,cylindrical scaling,,
8486,121,Hyperomyzus lactucae,Currant-Sowthistle aphid,Arthropoda,Insecta,Hemiptera,0.0005,2,0.5,1,45,3,cylindrical scaling,,
8517,121,Hyperomyzus lactucae,Currant-Sowthistle aphid,Arthropoda,Insecta,Hemiptera,0.0005,2,0.5,1,45,3,cylindrical scaling,,
8548,121,Hyperomyzus lactucae,Currant-Sowthistle aphid,Arthropoda,Insecta,Hemiptera,0.0005,2,0.5,1,45,3,cylindrical scaling,,
8578,121,Hyperomyzus lactucae,Currant-Sowthistle aphid,Arthropoda,Insecta,Hemiptera,0.0005,2,0.5,1,45,3,cylindrical scaling,,
8608,121,Hyperomyzus lactucae,Currant-Sowthistle aphid,Arthropoda,Insecta,Hemiptera,0.0005,2,0.5,1,45,3,cylindrical scaling,,
8638,121,Hyperomyzus lactucae,Currant-Sowthistle aphid,Arthropoda,Insecta,Hemiptera,0.0005,2,0.5,1,45,3,cylindrical scaling,,
8194,791,Phyllaphis fagi,Beech aphid,Arthropoda,Insecta,Hemiptera,0.0005,2,0.5,3,50,3,cylindrical scaling,,
8224,791,Phyllaphis fagi,Beech aphid,Arthropoda,Insecta,Hemiptera,0.0005,2,0.5,3,50,3,cylindrical scaling,,
8286,791,Phyllaphis fagi,Beech aphid,Arthropoda,Insecta,Hemiptera,0.0005,2,0.5,3,50,3,cylindrical scaling,,
8315,791,Phyllaphis fagi,Beech aphid,Arthropoda,Insecta,Hemiptera,0.0005,2,0.5,3,50,3,cylindrical scaling,,
8345,791,Phyllaphis fagi,Beech aphid,Arthropoda,Insecta,Hemiptera,0.0005,2,0.5,3,50,3,cylindrical scaling,,
8527,791,Phyllaphis fagi,Beech aphid,Arthropoda,Insecta,Hemiptera,0.0005,2,0.5,3,50,3,cylindrical scaling,,
8588,791,Phyllaphis fagi,Beech aphid,Arthropoda,Insecta,Hemiptera,0.0005,2,0.5,3,50,3,cylindrical scaling,,
8146,11288,Aphis fabae,Bean aphid,Arthropoda,Insecta,Hemiptera,0.0005,2,0.5,2,120,3,cylindrical scaling,,
8174,11288,Aphis fabae,Bean aphid,Arthropoda,Insecta,Hemiptera,0.0005,2,0.5,2,120,3,cylindrical scaling,,
8203,11288,Aphis fabae,Bean aphid,Arthropoda,Insecta,Hemiptera,0.0005,2,0.5,2,120,3,cylindrical scaling,,
8233,11288,Aphis fabae,Bean aphid,Arthropoda,Insecta,Hemiptera,0.0005,2,0.5,2,120,3,cylindrical scaling,,
8264,11288,Aphis fabae,Bean aphid,Arthropoda,Insecta,Hemiptera,0.0005,2,0.5,2,120,3,cylindrical scaling,,
8294,11288,Aphis fabae,Bean aphid,Arthropoda,Insecta,Hemiptera,0.0005,2,0.5,2,120,3,cylindrical scaling,,
8323,11288,Aphis fabae,Bean aphid,Arthropoda,Insecta,Hemiptera,0.0005,2,0.5,2,120,3,cylindrical scaling,,
8354,11288,Aphis fabae,Bean aphid,Arthropoda,Insecta,Hemiptera,0.0005,2,0.5,2,120,3,cylindrical scaling,,
8384,11288,Aphis fabae,Bean aphid,Arthropoda,Insecta,Hemiptera,0.0005,2,0.5,2,120,3,cylindrical scaling,,
8414,11288,Aphis fabae,Bean aphid,Arthropoda,Insecta,Hemiptera,0.0005,2,0.5,2,120,3,cylindrical scaling,,
8444,11288,Aphis fabae,Bean aphid,Arthropoda,Insecta,Hemiptera,0.0005,2,0.5,2,120,3,cylindrical scaling,,
8474,11288,Aphis fabae,Bean aphid,Arthropoda,Insecta,Hemiptera,0.0005,2,0.5,2,120,3,cylindrical scaling,,
8505,11288,Aphis fabae,Bean aphid,Arthropoda,Insecta,Hemiptera,0.0005,2,0.5,2,120,3,cylindrical scaling,,
8535,11288,Aphis fabae,Bean aphid,Arthropoda,Insecta,Hemiptera,0.0005,2,0.5,2,120,3,cylindrical scaling,,
8566,11288,Aphis fabae,Bean aphid,Arthropoda,Insecta,Hemiptera,0.0005,2,0.5,2,120,3,cylindrical scaling,,
8596,11288,Aphis fabae,Bean aphid,Arthropoda,Insecta,Hemiptera,0.0005,2,0.5,2,120,3,cylindrical scaling,,
8626,11288,Aphis fabae,Bean aphid,Arthropoda,Insecta,Hemiptera,0.0005,2,0.5,2,120,3,cylindrical scaling,,
8151,11296,Cavariella aegopodii,Willow-carrot aphid,Arthropoda,Insecta,Hemiptera,0.0005,2,1,12,85,3,cylindrical scaling,,
8179,11296,Cavariella aegopodii,Willow-carrot aphid,Arthropoda,Insecta,Hemiptera,0.0005,2,1,12,85,3,cylindrical scaling,,
8208,11296,Cavariella aegopodii,Willow-carrot aphid,Arthropoda,Insecta,Hemiptera,0.0005,2,1,12,85,3,cylindrical scaling,,
8241,11296,Cavariella aegopodii,Willow-carrot aphid,Arthropoda,Insecta,Hemiptera,0.0005,2,1,12,85,3,cylindrical scaling,,
8269,11296,Cavariella aegopodii,Willow-carrot aphid,Arthropoda,Insecta,Hemiptera,0.0005,2,1,12,85,3,cylindrical scaling,,
8299,11296,Cavariella aegopodii,Willow-carrot aphid,Arthropoda,Insecta,Hemiptera,0.0005,2,1,12,85,3,cylindrical scaling,,
8328,11296,Cavariella aegopodii,Willow-carrot aphid,Arthropoda,Insecta,Hemiptera,0.0005,2,1,12,85,3,cylindrical scaling,,
8359,11296,Cavariella aegopodii,Willow-carrot aphid,Arthropoda,Insecta,Hemiptera,0.0005,2,1,12,85,3,cylindrical scaling,,
8389,11296,Cavariella aegopodii,Willow-carrot aphid,Arthropoda,Insecta,Hemiptera,0.0005,2,1,12,85,3,cylindrical scaling,,
8419,11296,Cavariella aegopodii,Willow-carrot aphid,Arthropoda,Insecta,Hemiptera,0.0005,2,1,12,85,3,cylindrical scaling,,
8449,11296,Cavariella aegopodii,Willow-carrot aphid,Arthropoda,Insecta,Hemiptera,0.0005,2,1,12,85,3,cylindrical scaling,,
8479,11296,Cavariella aegopodii,Willow-carrot aphid,Arthropoda,Insecta,Hemiptera,0.0005,2,1,12,85,3,cylindrical scaling,,
8510,11296,Cavariella aegopodii,Willow-carrot aphid,Arthropoda,Insecta,Hemiptera,0.0005,2,1,12,85,3,cylindrical scaling,,
8541,11296,Cavariella aegopodii,Willow-carrot aphid,Arthropoda,Insecta,Hemiptera,0.0005,2,1,12,85,3,cylindrical scaling,,
8571,11296,Cavariella aegopodii,Willow-carrot aphid,Arthropoda,Insecta,Hemiptera,0.0005,2,1,12,85,3,cylindrical scaling,,
8601,11296,Cavariella aegopodii,Willow-carrot aphid,Arthropoda,Insecta,Hemiptera,0.0005,2,1,12,85,3,cylindrical scaling,,
8631,11296,Cavariella aegopodii,Willow-carrot aphid,Arthropoda,Insecta,Hemiptera,0.0005,2,1,12,85,3,cylindrical scaling,,
8156,11302,Hyalopterus pruni,Prune aphid,Arthropoda,Insecta,Hemiptera,0.0005,2,1,2,85,3,cylindrical scaling,,
8184,11302,Hyalopterus pruni,Prune aphid,Arthropoda,Insecta,Hemiptera,0.0005,2,1,2,85,3,cylindrical scaling,,
8213,11302,Hyalopterus pruni,Prune aphid,Arthropoda,Insecta,Hemiptera,0.0005,2,1,2,85,3,cylindrical scaling,,
8246,11302,Hyalopterus pruni,Prune aphid,Arthropoda,Insecta,Hemiptera,0.0005,2,1,2,85,3,cylindrical scaling,,
8275,11302,Hyalopterus pruni,Prune aphid,Arthropoda,Insecta,Hemiptera,0.0005,2,1,2,85,3,cylindrical scaling,,
8305,11302,Hyalopterus pruni,Prune aphid,Arthropoda,Insecta,Hemiptera,0.0005,2,1,2,85,3,cylindrical scaling,,
8334,11302,Hyalopterus pruni,Prune aphid,Arthropoda,Insecta,Hemiptera,0.0005,2,1,2,85,3,cylindrical scaling,,
8365,11302,Hyalopterus pruni,Prune aphid,Arthropoda,Insecta,Hemiptera,0.0005,2,1,2,85,3,cylindrical scaling,,
8395,11302,Hyalopterus pruni,Prune aphid,Arthropoda,Insecta,Hemiptera,0.0005,2,1,2,85,3,cylindrical scaling,,
8425,11302,Hyalopterus pruni,Prune aphid,Arthropoda,Insecta,Hemiptera,0.0005,2,1,2,85,3,cylindrical scaling,,
8455,11302,Hyalopterus pruni,Prune aphid,Arthropoda,Insecta,Hemiptera,0.0005,2,1,2,85,3,cylindrical scaling,,
8485,11302,Hyalopterus pruni,Prune aphid,Arthropoda,Insecta,Hemiptera,0.0005,2,1,2,85,3,cylindrical scaling,,
8516,11302,Hyalopterus pruni,Prune aphid,Arthropoda,Insecta,Hemiptera,0.0005,2,1,2,85,3,cylindrical scaling,,
8547,11302,Hyalopterus pruni,Prune aphid,Arthropoda,Insecta,Hemiptera,0.0005,2,1,2,85,3,cylindrical scaling,,
8577,11302,Hyalopterus pruni,Prune aphid,Arthropoda,Insecta,Hemiptera,0.0005,2,1,2,85,3,cylindrical scaling,,
8607,11302,Hyalopterus pruni,Prune aphid,Arthropoda,Insecta,Hemiptera,0.0005,2,1,2,85,3,cylindrical scaling,,
8637,11302,Hyalopterus pruni,Prune aphid,Arthropoda,Insecta,Hemiptera,0.0005,2,1,2,85,3,cylindrical scaling,,
8158,11303,Macrosiphum euphorbiae,Potato aphid,Arthropoda,Insecta,Hemiptera,0.0005,2,0.5,3,50,3,cylindrical scaling,,
8186,11303,Macrosiphum euphorbiae,Potato aphid,Arthropoda,Insecta,Hemiptera,0.0005,2,0.5,3,50,3,cylindrical scaling,,
8215,11303,Macrosiphum euphorbiae,Potato aphid,Arthropoda,Insecta,Hemiptera,0.0005,2,0.5,3,50,3,cylindrical scaling,,
8277,11303,Macrosiphum euphorbiae,Potato aphid,Arthropoda,Insecta,Hemiptera,0.0005,2,0.5,3,50,3,cylindrical scaling,,
8307,11303,Macrosiphum euphorbiae,Potato aphid,Arthropoda,Insecta,Hemiptera,0.0005,2,0.5,3,50,3,cylindrical scaling,,
8336,11303,Macrosiphum euphorbiae,Potato aphid,Arthropoda,Insecta,Hemiptera,0.0005,2,0.5,3,50,3,cylindrical scaling,,
8367,11303,Macrosiphum euphorbiae,Potato aphid,Arthropoda,Insecta,Hemiptera,0.0005,2,0.5,3,50,3,cylindrical scaling,,
8397,11303,Macrosiphum euphorbiae,Potato aphid,Arthropoda,Insecta,Hemiptera,0.0005,2,0.5,3,50,3,cylindrical scaling,,
8427,11303,Macrosiphum euphorbiae,Potato aphid,Arthropoda,Insecta,Hemiptera,0.0005,2,0.5,3,50,3,cylindrical scaling,,
8457,11303,Macrosiphum euphorbiae,Potato aphid,Arthropoda,Insecta,Hemiptera,0.0005,2,0.5,3,50,3,cylindrical scaling,,
8487,11303,Macrosiphum euphorbiae,Potato aphid,Arthropoda,Insecta,Hemiptera,0.0005,2,0.5,3,50,3,cylindrical scaling,,
8518,11303,Macrosiphum euphorbiae,Potato aphid,Arthropoda,Insecta,Hemiptera,0.0005,2,0.5,3,50,3,cylindrical scaling,,
8549,11303,Macrosiphum euphorbiae,Potato aphid,Arthropoda,Insecta,Hemiptera,0.0005,2,0.5,3,50,3,cylindrical scaling,,
8579,11303,Macrosiphum euphorbiae,Potato aphid,Arthropoda,Insecta,Hemiptera,0.0005,2,0.5,3,50,3,cylindrical scaling,,
8609,11303,Macrosiphum euphorbiae,Potato aphid,Arthropoda,Insecta,Hemiptera,0.0005,2,0.5,3,50,3,cylindrical scaling,,
8639,11303,Macrosiphum euphorbiae,Potato aphid,Arthropoda,Insecta,Hemiptera,0.0005,2,0.5,3,50,3,cylindrical scaling,,
8160,11305,Metapolophium dirhodum,Rose grain aphid,Arthropoda,Insecta,Hemiptera,0.0005,2,1,3,100,3,cylindrical scaling,,
8187,11305,Metapolophium dirhodum,Rose grain aphid,Arthropoda,Insecta,Hemiptera,0.0005,2,1,3,100,3,cylindrical scaling,,
8217,11305,Metapolophium dirhodum,Rose grain aphid,Arthropoda,Insecta,Hemiptera,0.0005,2,1,3,100,3,cylindrical scaling,,
8249,11305,Metapolophium dirhodum,Rose grain aphid,Arthropoda,Insecta,Hemiptera,0.0005,2,1,3,100,3,cylindrical scaling,,
8279,11305,Metapolophium dirhodum,Rose grain aphid,Arthropoda,Insecta,Hemiptera,0.0005,2,1,3,100,3,cylindrical scaling,,
8309,11305,Metapolophium dirhodum,Rose grain aphid,Arthropoda,Insecta,Hemiptera,0.0005,2,1,3,100,3,cylindrical scaling,,
8338,11305,Metapolophium dirhodum,Rose grain aphid,Arthropoda,Insecta,Hemiptera,0.0005,2,1,3,100,3,cylindrical scaling,,
8369,11305,Metapolophium dirhodum,Rose grain aphid,Arthropoda,Insecta,Hemiptera,0.0005,2,1,3,100,3,cylindrical scaling,,
8399,11305,Metapolophium dirhodum,Rose grain aphid,Arthropoda,Insecta,Hemiptera,0.0005,2,1,3,100,3,cylindrical scaling,,
8429,11305,Metapolophium dirhodum,Rose grain aphid,Arthropoda,Insecta,Hemiptera,0.0005,2,1,3,100,3,cylindrical scaling,,
8459,11305,Metapolophium dirhodum,Rose grain aphid,Arthropoda,Insecta,Hemiptera,0.0005,2,1,3,100,3,cylindrical scaling,,
8489,11305,Metapolophium dirhodum,Rose grain aphid,Arthropoda,Insecta,Hemiptera,0.0005,2,1,3,100,3,cylindrical scaling,,
8520,11305,Metapolophium dirhodum,Rose grain aphid,Arthropoda,Insecta,Hemiptera,0.0005,2,1,3,100,3,cylindrical scaling,,
8551,11305,Metapolophium dirhodum,Rose grain aphid,Arthropoda,Insecta,Hemiptera,0.0005,2,1,3,100,3,cylindrical scaling,,
8581,11305,Metapolophium dirhodum,Rose grain aphid,Arthropoda,Insecta,Hemiptera,0.0005,2,1,3,100,3,cylindrical scaling,,
8611,11305,Metapolophium dirhodum,Rose grain aphid,Arthropoda,Insecta,Hemiptera,0.0005,2,1,3,100,3,cylindrical scaling,,
8641,11305,Metapolophium dirhodum,Rose grain aphid,Arthropoda,Insecta,Hemiptera,0.0005,2,1,3,100,3,cylindrical scaling,,
8161,11306,Metapolophium festucae,Unknown,Arthropoda,Insecta,Hemiptera,0.0005,2,1,3,50,3,cylindrical scaling,,
8188,11306,Metapolophium festucae,Unknown,Arthropoda,Insecta,Hemiptera,0.0005,2,1,3,50,3,cylindrical scaling,,
8218,11306,Metapolophium festucae,Unknown,Arthropoda,Insecta,Hemiptera,0.0005,2,1,3,50,3,cylindrical scaling,,
8280,11306,Metapolophium festucae,Unknown,Arthropoda,Insecta,Hemiptera,0.0005,2,1,3,50,3,cylindrical scaling,,
8310,11306,Metapolophium festucae,Unknown,Arthropoda,Insecta,Hemiptera,0.0005,2,1,3,50,3,cylindrical scaling,,
8339,11306,Metapolophium festucae,Unknown,Arthropoda,Insecta,Hemiptera,0.0005,2,1,3,50,3,cylindrical scaling,,
8370,11306,Metapolophium festucae,Unknown,Arthropoda,Insecta,Hemiptera,0.0005,2,1,3,50,3,cylindrical scaling,,
8400,11306,Metapolophium festucae,Unknown,Arthropoda,Insecta,Hemiptera,0.0005,2,1,3,50,3,cylindrical scaling,,
8430,11306,Metapolophium festucae,Unknown,Arthropoda,Insecta,Hemiptera,0.0005,2,1,3,50,3,cylindrical scaling,,
8460,11306,Metapolophium festucae,Unknown,Arthropoda,Insecta,Hemiptera,0.0005,2,1,3,50,3,cylindrical scaling,,
8490,11306,Metapolophium festucae,Unknown,Arthropoda,Insecta,Hemiptera,0.0005,2,1,3,50,3,cylindrical scaling,,
8521,11306,Metapolophium festucae,Unknown,Arthropoda,Insecta,Hemiptera,0.0005,2,1,3,50,3,cylindrical scaling,,
8552,11306,Metapolophium festucae,Unknown,Arthropoda,Insecta,Hemiptera,0.0005,2,1,3,50,3,cylindrical scaling,,
8582,11306,Metapolophium festucae,Unknown,Arthropoda,Insecta,Hemiptera,0.0005,2,1,3,50,3,cylindrical scaling,,
8612,11306,Metapolophium festucae,Unknown,Arthropoda,Insecta,Hemiptera,0.0005,2,1,3,50,3,cylindrical scaling,,
8642,11306,Metapolophium festucae,Unknown,Arthropoda,Insecta,Hemiptera,0.0005,2,1,3,50,3,cylindrical scaling,,
8312,11308,Myzus ornatus,Violet aphid or ornate aphid,Arthropoda,Insecta,Hemiptera,0.0005,2,1,1,85,3,cylindrical scaling,,
8492,11308,Myzus ornatus,Violet aphid or ornate aphid,Arthropoda,Insecta,Hemiptera,0.0005,2,1,1,85,3,cylindrical scaling,,
8523,11308,Myzus ornatus,Violet aphid or ornate aphid,Arthropoda,Insecta,Hemiptera,0.0005,2,1,1,85,3,cylindrical scaling,,
8168,11314,Rhopalosiphum insertum,Apple grass aphid,Arthropoda,Insecta,Hemiptera,0.0005,2,0.5,1,45,3,cylindrical scaling,,
8197,11314,Rhopalosiphum insertum,Apple grass aphid,Arthropoda,Insecta,Hemiptera,0.0005,2,0.5,1,45,3,cylindrical scaling,,
8227,11314,Rhopalosiphum insertum,Apple grass aphid,Arthropoda,Insecta,Hemiptera,0.0005,2,0.5,1,45,3,cylindrical scaling,,
8258,11314,Rhopalosiphum insertum,Apple grass aphid,Arthropoda,Insecta,Hemiptera,0.0005,2,0.5,1,45,3,cylindrical scaling,,
8288,11314,Rhopalosiphum insertum,Apple grass aphid,Arthropoda,Insecta,Hemiptera,0.0005,2,0.5,1,45,3,cylindrical scaling,,
8317,11314,Rhopalosiphum insertum,Apple grass aphid,Arthropoda,Insecta,Hemiptera,0.0005,2,0.5,1,45,3,cylindrical scaling,,
8348,11314,Rhopalosiphum insertum,Apple grass aphid,Arthropoda,Insecta,Hemiptera,0.0005,2,0.5,1,45,3,cylindrical scaling,,
8378,11314,Rhopalosiphum insertum,Apple grass aphid,Arthropoda,Insecta,Hemiptera,0.0005,2,0.5,1,45,3,cylindrical scaling,,
8408,11314,Rhopalosiphum insertum,Apple grass aphid,Arthropoda,Insecta,Hemiptera,0.0005,2,0.5,1,45,3,cylindrical scaling,,
8438,11314,Rhopalosiphum insertum,Apple grass aphid,Arthropoda,Insecta,Hemiptera,0.0005,2,0.5,1,45,3,cylindrical scaling,,
8468,11314,Rhopalosiphum insertum,Apple grass aphid,Arthropoda,Insecta,Hemiptera,0.0005,2,0.5,1,45,3,cylindrical scaling,,
8499,11314,Rhopalosiphum insertum,Apple grass aphid,Arthropoda,Insecta,Hemiptera,0.0005,2,0.5,1,45,3,cylindrical scaling,,
8529,11314,Rhopalosiphum insertum,Apple grass aphid,Arthropoda,Insecta,Hemiptera,0.0005,2,0.5,1,45,3,cylindrical scaling,,
8560,11314,Rhopalosiphum insertum,Apple grass aphid,Arthropoda,Insecta,Hemiptera,0.0005,2,0.5,1,45,3,cylindrical scaling,,
8590,11314,Rhopalosiphum insertum,Apple grass aphid,Arthropoda,Insecta,Hemiptera,0.0005,2,0.5,1,45,3,cylindrical scaling,,
8620,11314,Rhopalosiphum insertum,Apple grass aphid,Arthropoda,Insecta,Hemiptera,0.0005,2,0.5,1,45,3,cylindrical scaling,,
8651,11314,Rhopalosiphum insertum,Apple grass aphid,Arthropoda,Insecta,Hemiptera,0.0005,2,0.5,1,45,3,cylindrical scaling,,
8259,11315,Rhopalosiphum maidis,Corn leaf aphid,Arthropoda,Insecta,Hemiptera,0.0005,2,0.5,1,40,3,cylindrical scaling,,
8289,11315,Rhopalosiphum maidis,Corn leaf aphid,Arthropoda,Insecta,Hemiptera,0.0005,2,0.5,1,40,3,cylindrical scaling,,
8379,11315,Rhopalosiphum maidis,Corn leaf aphid,Arthropoda,Insecta,Hemiptera,0.0005,2,0.5,1,40,3,cylindrical scaling,,
8409,11315,Rhopalosiphum maidis,Corn leaf aphid,Arthropoda,Insecta,Hemiptera,0.0005,2,0.5,1,40,3,cylindrical scaling,,
8500,11315,Rhopalosiphum maidis,Corn leaf aphid,Arthropoda,Insecta,Hemiptera,0.0005,2,0.5,1,40,3,cylindrical scaling,,
8591,11315,Rhopalosiphum maidis,Corn leaf aphid,Arthropoda,Insecta,Hemiptera,0.0005,2,0.5,1,40,3,cylindrical scaling,,
8621,11315,Rhopalosiphum maidis,Corn leaf aphid,Arthropoda,Insecta,Hemiptera,0.0005,2,0.5,1,40,3,cylindrical scaling,,
8652,11315,Rhopalosiphum maidis,Corn leaf aphid,Arthropoda,Insecta,Hemiptera,0.0005,2,0.5,1,40,3,cylindrical scaling,,
8170,11316,Rhospalosiphum padi,Oat aphid,Arthropoda,Insecta,Hemiptera,0.0005,2,1,2,85,3,cylindrical scaling,,
8199,11316,Rhospalosiphum padi,Oat aphid,Arthropoda,Insecta,Hemiptera,0.0005,2,1,2,85,3,cylindrical scaling,,
8229,11316,Rhospalosiphum padi,Oat aphid,Arthropoda,Insecta,Hemiptera,0.0005,2,1,2,85,3,cylindrical scaling,,
8260,11316,Rhospalosiphum padi,Oat aphid,Arthropoda,Insecta,Hemiptera,0.0005,2,1,2,85,3,cylindrical scaling,,
8290,11316,Rhospalosiphum padi,Oat aphid,Arthropoda,Insecta,Hemiptera,0.0005,2,1,2,85,3,cylindrical scaling,,
8319,11316,Rhospalosiphum padi,Oat aphid,Arthropoda,Insecta,Hemiptera,0.0005,2,1,2,85,3,cylindrical scaling,,
8350,11316,Rhospalosiphum padi,Oat aphid,Arthropoda,Insecta,Hemiptera,0.0005,2,1,2,85,3,cylindrical scaling,,
8380,11316,Rhospalosiphum padi,Oat aphid,Arthropoda,Insecta,Hemiptera,0.0005,2,1,2,85,3,cylindrical scaling,,
8410,11316,Rhospalosiphum padi,Oat aphid,Arthropoda,Insecta,Hemiptera,0.0005,2,1,2,85,3,cylindrical scaling,,
8440,11316,Rhospalosiphum padi,Oat aphid,Arthropoda,Insecta,Hemiptera,0.0005,2,1,2,85,3,cylindrical scaling,,
8470,11316,Rhospalosiphum padi,Oat aphid,Arthropoda,Insecta,Hemiptera,0.0005,2,1,2,85,3,cylindrical scaling,,
8501,11316,Rhospalosiphum padi,Oat aphid,Arthropoda,Insecta,Hemiptera,0.0005,2,1,2,85,3,cylindrical scaling,,
8531,11316,Rhospalosiphum padi,Oat aphid,Arthropoda,Insecta,Hemiptera,0.0005,2,1,2,85,3,cylindrical scaling,,
8562,11316,Rhospalosiphum padi,Oat aphid,Arthropoda,Insecta,Hemiptera,0.0005,2,1,2,85,3,cylindrical scaling,,
8592,11316,Rhospalosiphum padi,Oat aphid,Arthropoda,Insecta,Hemiptera,0.0005,2,1,2,85,3,cylindrical scaling,,
8622,11316,Rhospalosiphum padi,Oat aphid,Arthropoda,Insecta,Hemiptera,0.0005,2,1,2,85,3,cylindrical scaling,,
8653,11316,Rhospalosiphum padi,Oat aphid,Arthropoda,Insecta,Hemiptera,0.0005,2,1,2,85,3,cylindrical scaling,,
8171,11317,Sitobion avenae,Grain aphid,Arthropoda,Insecta,Hemiptera,0.0005,2,1,9,85,3,cylindrical scaling,,
8200,11317,Sitobion avenae,Grain aphid,Arthropoda,Insecta,Hemiptera,0.0005,2,1,9,85,3,cylindrical scaling,,
8230,11317,Sitobion avenae,Grain aphid,Arthropoda,Insecta,Hemiptera,0.0005,2,1,9,85,3,cylindrical scaling,,
8261,11317,Sitobion avenae,Grain aphid,Arthropoda,Insecta,Hemiptera,0.0005,2,1,9,85,3,cylindrical scaling,,
8291,11317,Sitobion avenae,Grain aphid,Arthropoda,Insecta,Hemiptera,0.0005,2,1,9,85,3,cylindrical scaling,,
8320,11317,Sitobion avenae,Grain aphid,Arthropoda,Insecta,Hemiptera,0.0005,2,1,9,85,3,cylindrical scaling,,
8351,11317,Sitobion avenae,Grain aphid,Arthropoda,Insecta,Hemiptera,0.0005,2,1,9,85,3,cylindrical scaling,,
8381,11317,Sitobion avenae,Grain aphid,Arthropoda,Insecta,Hemiptera,0.0005,2,1,9,85,3,cylindrical scaling,,
8411,11317,Sitobion avenae,Grain aphid,Arthropoda,Insecta,Hemiptera,0.0005,2,1,9,85,3,cylindrical scaling,,
8441,11317,Sitobion avenae,Grain aphid,Arthropoda,Insecta,Hemiptera,0.0005,2,1,9,85,3,cylindrical scaling,,
8471,11317,Sitobion avenae,Grain aphid,Arthropoda,Insecta,Hemiptera,0.0005,2,1,9,85,3,cylindrical scaling,,
8502,11317,Sitobion avenae,Grain aphid,Arthropoda,Insecta,Hemiptera,0.0005,2,1,9,85,3,cylindrical scaling,,
8532,11317,Sitobion avenae,Grain aphid,Arthropoda,Insecta,Hemiptera,0.0005,2,1,9,85,3,cylindrical scaling,,
8563,11317,Sitobion avenae,Grain aphid,Arthropoda,Insecta,Hemiptera,0.0005,2,1,9,85,3,cylindrical scaling,,
8593,11317,Sitobion avenae,Grain aphid,Arthropoda,Insecta,Hemiptera,0.0005,2,1,9,85,3,cylindrical scaling,,
8623,11317,Sitobion avenae,Grain aphid,Arthropoda,Insecta,Hemiptera,0.0005,2,1,9,85,3,cylindrical scaling,,
8654,11317,Sitobion avenae,Grain aphid,Arthropoda,Insecta,Hemiptera,0.0005,2,1,9,85,3,cylindrical scaling,,
9518,11947,Neocatolaccus mamezophagus,Parasitoid wasp,Arthropoda,Insecta,Hymenoptera,0.0005,2,0.4,1,36.1,3,cylindrical scaling,,
8219,11307,Myzus ascalonicus,Shallot aphid,Arthropoda,Insecta,Hemiptera,0.0006,2.1,1,9,50,3,cylindrical scaling,,
8340,11307,Myzus ascalonicus,Shallot aphid,Arthropoda,Insecta,Hemiptera,0.0006,2.1,1,9,50,3,cylindrical scaling,,
8401,11307,Myzus ascalonicus,Shallot aphid,Arthropoda,Insecta,Hemiptera,0.0006,2.1,1,9,50,3,cylindrical scaling,,
8431,11307,Myzus ascalonicus,Shallot aphid,Arthropoda,Insecta,Hemiptera,0.0006,2.1,1,9,50,3,cylindrical scaling,,
8461,11307,Myzus ascalonicus,Shallot aphid,Arthropoda,Insecta,Hemiptera,0.0006,2.1,1,9,50,3,cylindrical scaling,,
8522,11307,Myzus ascalonicus,Shallot aphid,Arthropoda,Insecta,Hemiptera,0.0006,2.1,1,9,50,3,cylindrical scaling,,
8553,11307,Myzus ascalonicus,Shallot aphid,Arthropoda,Insecta,Hemiptera,0.0006,2.1,1,9,50,3,cylindrical scaling,,
8583,11307,Myzus ascalonicus,Shallot aphid,Arthropoda,Insecta,Hemiptera,0.0006,2.1,1,9,50,3,cylindrical scaling,,
8613,11307,Myzus ascalonicus,Shallot aphid,Arthropoda,Insecta,Hemiptera,0.0006,2.1,1,9,50,3,cylindrical scaling,,
8164,11309,Myzus persicae,Peach-potato aphid,Arthropoda,Insecta,Hemiptera,0.0007,2.2,0.5,2,45,3,cylindrical scaling,,
8191,11309,Myzus persicae,Peach-potato aphid,Arthropoda,Insecta,Hemiptera,0.0007,2.2,0.5,2,45,3,cylindrical scaling,,
8221,11309,Myzus persicae,Peach-potato aphid,Arthropoda,Insecta,Hemiptera,0.0007,2.2,0.5,2,45,3,cylindrical scaling,,
8253,11309,Myzus persicae,Peach-potato aphid,Arthropoda,Insecta,Hemiptera,0.0007,2.2,0.5,2,45,3,cylindrical scaling,,
8283,11309,Myzus persicae,Peach-potato aphid,Arthropoda,Insecta,Hemiptera,0.0007,2.2,0.5,2,45,3,cylindrical scaling,,
8342,11309,Myzus persicae,Peach-potato aphid,Arthropoda,Insecta,Hemiptera,0.0007,2.2,0.5,2,45,3,cylindrical scaling,,
8373,11309,Myzus persicae,Peach-potato aphid,Arthropoda,Insecta,Hemiptera,0.0007,2.2,0.5,2,45,3,cylindrical scaling,,
8403,11309,Myzus persicae,Peach-potato aphid,Arthropoda,Insecta,Hemiptera,0.0007,2.2,0.5,2,45,3,cylindrical scaling,,
8433,11309,Myzus persicae,Peach-potato aphid,Arthropoda,Insecta,Hemiptera,0.0007,2.2,0.5,2,45,3,cylindrical scaling,,
8463,11309,Myzus persicae,Peach-potato aphid,Arthropoda,Insecta,Hemiptera,0.0007,2.2,0.5,2,45,3,cylindrical scaling,,
8493,11309,Myzus persicae,Peach-potato aphid,Arthropoda,Insecta,Hemiptera,0.0007,2.2,0.5,2,45,3,cylindrical scaling,,
8524,11309,Myzus persicae,Peach-potato aphid,Arthropoda,Insecta,Hemiptera,0.0007,2.2,0.5,2,45,3,cylindrical scaling,,
8555,11309,Myzus persicae,Peach-potato aphid,Arthropoda,Insecta,Hemiptera,0.0007,2.2,0.5,2,45,3,cylindrical scaling,,
8585,11309,Myzus persicae,Peach-potato aphid,Arthropoda,Insecta,Hemiptera,0.0007,2.2,0.5,2,45,3,cylindrical scaling,,
8615,11309,Myzus persicae,Peach-potato aphid,Arthropoda,Insecta,Hemiptera,0.0007,2.2,0.5,2,45,3,cylindrical scaling,,
8645,11309,Myzus persicae,Peach-potato aphid,Arthropoda,Insecta,Hemiptera,0.0007,2.2,0.5,2,45,3,cylindrical scaling,,
9519,11948,Heterospilus prosopidis,Braconid wasp,Arthropoda,Insecta,Hymenoptera,0.0008,2.3,1.8,2.6,200,3,cylindrical scaling,,
8145,11287,Acyrthosiphon pisum,Pea aphid,Arthropoda,Insecta,Hemiptera,0.0009,2.4,0.5,2,100,3,cylindrical scaling,,
8173,11287,Acyrthosiphon pisum,Pea aphid,Arthropoda,Insecta,Hemiptera,0.0009,2.4,0.5,2,100,3,cylindrical scaling,,
8202,11287,Acyrthosiphon pisum,Pea aphid,Arthropoda,Insecta,Hemiptera,0.0009,2.4,0.5,2,100,3,cylindrical scaling,,
8232,11287,Acyrthosiphon pisum,Pea aphid,Arthropoda,Insecta,Hemiptera,0.0009,2.4,0.5,2,100,3,cylindrical scaling,,
8263,11287,Acyrthosiphon pisum,Pea aphid,Arthropoda,Insecta,Hemiptera,0.0009,2.4,0.5,2,100,3,cylindrical scaling,,
8293,11287,Acyrthosiphon pisum,Pea aphid,Arthropoda,Insecta,Hemiptera,0.0009,2.4,0.5,2,100,3,cylindrical scaling,,
8322,11287,Acyrthosiphon pisum,Pea aphid,Arthropoda,Insecta,Hemiptera,0.0009,2.4,0.5,2,100,3,cylindrical scaling,,
8353,11287,Acyrthosiphon pisum,Pea aphid,Arthropoda,Insecta,Hemiptera,0.0009,2.4,0.5,2,100,3,cylindrical scaling,,
8383,11287,Acyrthosiphon pisum,Pea aphid,Arthropoda,Insecta,Hemiptera,0.0009,2.4,0.5,2,100,3,cylindrical scaling,,
8413,11287,Acyrthosiphon pisum,Pea aphid,Arthropoda,Insecta,Hemiptera,0.0009,2.4,0.5,2,100,3,cylindrical scaling,,
8443,11287,Acyrthosiphon pisum,Pea aphid,Arthropoda,Insecta,Hemiptera,0.0009,2.4,0.5,2,100,3,cylindrical scaling,,
8473,11287,Acyrthosiphon pisum,Pea aphid,Arthropoda,Insecta,Hemiptera,0.0009,2.4,0.5,2,100,3,cylindrical scaling,,
8504,11287,Acyrthosiphon pisum,Pea aphid,Arthropoda,Insecta,Hemiptera,0.0009,2.4,0.5,2,100,3,cylindrical scaling,,
8534,11287,Acyrthosiphon pisum,Pea aphid,Arthropoda,Insecta,Hemiptera,0.0009,2.4,0.5,2,100,3,cylindrical scaling,,
8565,11287,Acyrthosiphon pisum,Pea aphid,Arthropoda,Insecta,Hemiptera,0.0009,2.4,0.5,2,100,3,cylindrical scaling,,
8595,11287,Acyrthosiphon pisum,Pea aphid,Arthropoda,Insecta,Hemiptera,0.0009,2.4,0.5,2,100,3,cylindrical scaling,,
8625,11287,Acyrthosiphon pisum,Pea aphid,Arthropoda,Insecta,Hemiptera,0.0009,2.4,0.5,2,100,3,cylindrical scaling,,
8240,11295,Brevicoryne brassicae,Cabbage aphid,Arthropoda,Insecta,Hemiptera,0.0009,2.4,1,3,100,3,cylindrical scaling,,
8327,11295,Brevicoryne brassicae,Cabbage aphid,Arthropoda,Insecta,Hemiptera,0.0009,2.4,1,3,100,3,cylindrical scaling,,
8358,11295,Brevicoryne brassicae,Cabbage aphid,Arthropoda,Insecta,Hemiptera,0.0009,2.4,1,3,100,3,cylindrical scaling,,
8388,11295,Brevicoryne brassicae,Cabbage aphid,Arthropoda,Insecta,Hemiptera,0.0009,2.4,1,3,100,3,cylindrical scaling,,
8418,11295,Brevicoryne brassicae,Cabbage aphid,Arthropoda,Insecta,Hemiptera,0.0009,2.4,1,3,100,3,cylindrical scaling,,
8448,11295,Brevicoryne brassicae,Cabbage aphid,Arthropoda,Insecta,Hemiptera,0.0009,2.4,1,3,100,3,cylindrical scaling,,
8478,11295,Brevicoryne brassicae,Cabbage aphid,Arthropoda,Insecta,Hemiptera,0.0009,2.4,1,3,100,3,cylindrical scaling,,
8509,11295,Brevicoryne brassicae,Cabbage aphid,Arthropoda,Insecta,Hemiptera,0.0009,2.4,1,3,100,3,cylindrical scaling,,
8540,11295,Brevicoryne brassicae,Cabbage aphid,Arthropoda,Insecta,Hemiptera,0.0009,2.4,1,3,100,3,cylindrical scaling,,
8570,11295,Brevicoryne brassicae,Cabbage aphid,Arthropoda,Insecta,Hemiptera,0.0009,2.4,1,3,100,3,cylindrical scaling,,
8600,11295,Brevicoryne brassicae,Cabbage aphid,Arthropoda,Insecta,Hemiptera,0.0009,2.4,1,3,100,3,cylindrical scaling,,
8630,11295,Brevicoryne brassicae,Cabbage aphid,Arthropoda,Insecta,Hemiptera,0.0009,2.4,1,3,100,3,cylindrical scaling,,
8331,11299,Dysaphis plantaginea,Rosy apple aphid,Arthropoda,Insecta,Hemiptera,0.001,2.5,1,2,70,3,mass for D. melanogaster (same length),,
8362,11299,Dysaphis plantaginea,Rosy apple aphid,Arthropoda,Insecta,Hemiptera,0.001,2.5,1,2,70,3,mass for D. melanogaster (same length),,
8392,11299,Dysaphis plantaginea,Rosy apple aphid,Arthropoda,Insecta,Hemiptera,0.001,2.5,1,2,70,3,mass for D. melanogaster (same length),,
8452,11299,Dysaphis plantaginea,Rosy apple aphid,Arthropoda,Insecta,Hemiptera,0.001,2.5,1,2,70,3,mass for D. melanogaster (same length),,
8482,11299,Dysaphis plantaginea,Rosy apple aphid,Arthropoda,Insecta,Hemiptera,0.001,2.5,1,2,70,3,mass for D. melanogaster (same length),,
8513,11299,Dysaphis plantaginea,Rosy apple aphid,Arthropoda,Insecta,Hemiptera,0.001,2.5,1,2,70,3,mass for D. melanogaster (same length),,
8574,11299,Dysaphis plantaginea,Rosy apple aphid,Arthropoda,Insecta,Hemiptera,0.001,2.5,1,2,70,3,mass for D. melanogaster (same length),,
8172,11318,Sitobion fragariae,Aphid,Arthropoda,Insecta,Hemiptera,0.001,2.5,1,3,45,3,mass for D. melanogaster (same length),,
8201,11318,Sitobion fragariae,Aphid,Arthropoda,Insecta,Hemiptera,0.001,2.5,1,3,45,3,mass for D. melanogaster (same length),,
8231,11318,Sitobion fragariae,Aphid,Arthropoda,Insecta,Hemiptera,0.001,2.5,1,3,45,3,mass for D. melanogaster (same length),,
8292,11318,Sitobion fragariae,Aphid,Arthropoda,Insecta,Hemiptera,0.001,2.5,1,3,45,3,mass for D. melanogaster (same length),,
8321,11318,Sitobion fragariae,Aphid,Arthropoda,Insecta,Hemiptera,0.001,2.5,1,3,45,3,mass for D. melanogaster (same length),,
8352,11318,Sitobion fragariae,Aphid,Arthropoda,Insecta,Hemiptera,0.001,2.5,1,3,45,3,mass for D. melanogaster (same length),,
8382,11318,Sitobion fragariae,Aphid,Arthropoda,Insecta,Hemiptera,0.001,2.5,1,3,45,3,mass for D. melanogaster (same length),,
8412,11318,Sitobion fragariae,Aphid,Arthropoda,Insecta,Hemiptera,0.001,2.5,1,3,45,3,mass for D. melanogaster (same length),,
8442,11318,Sitobion fragariae,Aphid,Arthropoda,Insecta,Hemiptera,0.001,2.5,1,3,45,3,mass for D. melanogaster (same length),,
8472,11318,Sitobion fragariae,Aphid,Arthropoda,Insecta,Hemiptera,0.001,2.5,1,3,45,3,mass for D. melanogaster (same length),,
8503,11318,Sitobion fragariae,Aphid,Arthropoda,Insecta,Hemiptera,0.001,2.5,1,3,45,3,mass for D. melanogaster (same length),,
8533,11318,Sitobion fragariae,Aphid,Arthropoda,Insecta,Hemiptera,0.001,2.5,1,3,45,3,mass for D. melanogaster (same length),,
8564,11318,Sitobion fragariae,Aphid,Arthropoda,Insecta,Hemiptera,0.001,2.5,1,3,45,3,mass for D. melanogaster (same length),,
8594,11318,Sitobion fragariae,Aphid,Arthropoda,Insecta,Hemiptera,0.001,2.5,1,3,45,3,mass for D. melanogaster (same length),,
8624,11318,Sitobion fragariae,Aphid,Arthropoda,Insecta,Hemiptera,0.001,2.5,1,3,45,3,mass for D. melanogaster (same length),,
8655,11318,Sitobion fragariae,Aphid,Arthropoda,Insecta,Hemiptera,0.001,2.5,1,3,45,3,mass for D. melanogaster (same length),,
8153,792,Drepanosiphum platanoidis,Sycamore aphid,Arthropoda,Insecta,Hemiptera,0.0017,3,1,2,85,3,cylindrical scaling,,
8181,792,Drepanosiphum platanoidis,Sycamore aphid,Arthropoda,Insecta,Hemiptera,0.0017,3,1,2,85,3,cylindrical scaling,,
8210,792,Drepanosiphum platanoidis,Sycamore aphid,Arthropoda,Insecta,Hemiptera,0.0017,3,1,2,85,3,cylindrical scaling,,
8243,792,Drepanosiphum platanoidis,Sycamore aphid,Arthropoda,Insecta,Hemiptera,0.0017,3,1,2,85,3,cylindrical scaling,,
8271,792,Drepanosiphum platanoidis,Sycamore aphid,Arthropoda,Insecta,Hemiptera,0.0017,3,1,2,85,3,cylindrical scaling,,
8301,792,Drepanosiphum platanoidis,Sycamore aphid,Arthropoda,Insecta,Hemiptera,0.0017,3,1,2,85,3,cylindrical scaling,,
8330,792,Drepanosiphum platanoidis,Sycamore aphid,Arthropoda,Insecta,Hemiptera,0.0017,3,1,2,85,3,cylindrical scaling,,
8361,792,Drepanosiphum platanoidis,Sycamore aphid,Arthropoda,Insecta,Hemiptera,0.0017,3,1,2,85,3,cylindrical scaling,,
8391,792,Drepanosiphum platanoidis,Sycamore aphid,Arthropoda,Insecta,Hemiptera,0.0017,3,1,2,85,3,cylindrical scaling,,
8421,792,Drepanosiphum platanoidis,Sycamore aphid,Arthropoda,Insecta,Hemiptera,0.0017,3,1,2,85,3,cylindrical scaling,,
8451,792,Drepanosiphum platanoidis,Sycamore aphid,Arthropoda,Insecta,Hemiptera,0.0017,3,1,2,85,3,cylindrical scaling,,
8481,792,Drepanosiphum platanoidis,Sycamore aphid,Arthropoda,Insecta,Hemiptera,0.0017,3,1,2,85,3,cylindrical scaling,,
8512,792,Drepanosiphum platanoidis,Sycamore aphid,Arthropoda,Insecta,Hemiptera,0.0017,3,1,2,85,3,cylindrical scaling,,
8543,792,Drepanosiphum platanoidis,Sycamore aphid,Arthropoda,Insecta,Hemiptera,0.0017,3,1,2,85,3,cylindrical scaling,,
8573,792,Drepanosiphum platanoidis,Sycamore aphid,Arthropoda,Insecta,Hemiptera,0.0017,3,1,2,85,3,cylindrical scaling,,
8603,792,Drepanosiphum platanoidis,Sycamore aphid,Arthropoda,Insecta,Hemiptera,0.0017,3,1,2,85,3,cylindrical scaling,,
8633,792,Drepanosiphum platanoidis,Sycamore aphid,Arthropoda,Insecta,Hemiptera,0.0017,3,1,2,85,3,cylindrical scaling,,
8325,11293,Aulacorthum solani,Foxglove aphid,Arthropoda,Insecta,Hemiptera,0.0017,3,0.5,1,45,3,cylindrical scaling,,
8386,11293,Aulacorthum solani,Foxglove aphid,Arthropoda,Insecta,Hemiptera,0.0017,3,0.5,1,45,3,cylindrical scaling,,
8476,11293,Aulacorthum solani,Foxglove aphid,Arthropoda,Insecta,Hemiptera,0.0017,3,0.5,1,45,3,cylindrical scaling,,
8507,11293,Aulacorthum solani,Foxglove aphid,Arthropoda,Insecta,Hemiptera,0.0017,3,0.5,1,45,3,cylindrical scaling,,
8568,11293,Aulacorthum solani,Foxglove aphid,Arthropoda,Insecta,Hemiptera,0.0017,3,0.5,1,45,3,cylindrical scaling,,
8598,11293,Aulacorthum solani,Foxglove aphid,Arthropoda,Insecta,Hemiptera,0.0017,3,0.5,1,45,3,cylindrical scaling,,
8628,11293,Aulacorthum solani,Foxglove aphid,Arthropoda,Insecta,Hemiptera,0.0017,3,0.5,1,45,3,cylindrical scaling,,
8183,11301,Eriosoma ulmi,Aphid,Arthropoda,Insecta,Hemiptera,0.0017,3,2,4,250,3,cylindrical scaling,,
8212,11301,Eriosoma ulmi,Aphid,Arthropoda,Insecta,Hemiptera,0.0017,3,2,4,250,3,cylindrical scaling,,
8245,11301,Eriosoma ulmi,Aphid,Arthropoda,Insecta,Hemiptera,0.0017,3,2,4,250,3,cylindrical scaling,,
8304,11301,Eriosoma ulmi,Aphid,Arthropoda,Insecta,Hemiptera,0.0017,3,2,4,250,3,cylindrical scaling,,
8333,11301,Eriosoma ulmi,Aphid,Arthropoda,Insecta,Hemiptera,0.0017,3,2,4,250,3,cylindrical scaling,,
8364,11301,Eriosoma ulmi,Aphid,Arthropoda,Insecta,Hemiptera,0.0017,3,2,4,250,3,cylindrical scaling,,
8394,11301,Eriosoma ulmi,Aphid,Arthropoda,Insecta,Hemiptera,0.0017,3,2,4,250,3,cylindrical scaling,,
8424,11301,Eriosoma ulmi,Aphid,Arthropoda,Insecta,Hemiptera,0.0017,3,2,4,250,3,cylindrical scaling,,
8454,11301,Eriosoma ulmi,Aphid,Arthropoda,Insecta,Hemiptera,0.0017,3,2,4,250,3,cylindrical scaling,,
8484,11301,Eriosoma ulmi,Aphid,Arthropoda,Insecta,Hemiptera,0.0017,3,2,4,250,3,cylindrical scaling,,
8515,11301,Eriosoma ulmi,Aphid,Arthropoda,Insecta,Hemiptera,0.0017,3,2,4,250,3,cylindrical scaling,,
8546,11301,Eriosoma ulmi,Aphid,Arthropoda,Insecta,Hemiptera,0.0017,3,2,4,250,3,cylindrical scaling,,
8576,11301,Eriosoma ulmi,Aphid,Arthropoda,Insecta,Hemiptera,0.0017,3,2,4,250,3,cylindrical scaling,,
8165,11310,Nasonovia ribis nigri,Lettuce aphid,Arthropoda,Insecta,Hemiptera,0.0017,3,0.5,2,85,3,cylindrical scaling,,
8343,11310,Nasonovia ribis nigri,Lettuce aphid,Arthropoda,Insecta,Hemiptera,0.0017,3,0.5,2,85,3,cylindrical scaling,,
8374,11310,Nasonovia ribis nigri,Lettuce aphid,Arthropoda,Insecta,Hemiptera,0.0017,3,0.5,2,85,3,cylindrical scaling,,
8404,11310,Nasonovia ribis nigri,Lettuce aphid,Arthropoda,Insecta,Hemiptera,0.0017,3,0.5,2,85,3,cylindrical scaling,,
8434,11310,Nasonovia ribis nigri,Lettuce aphid,Arthropoda,Insecta,Hemiptera,0.0017,3,0.5,2,85,3,cylindrical scaling,,
8464,11310,Nasonovia ribis nigri,Lettuce aphid,Arthropoda,Insecta,Hemiptera,0.0017,3,0.5,2,85,3,cylindrical scaling,,
8494,11310,Nasonovia ribis nigri,Lettuce aphid,Arthropoda,Insecta,Hemiptera,0.0017,3,0.5,2,85,3,cylindrical scaling,,
8525,11310,Nasonovia ribis nigri,Lettuce aphid,Arthropoda,Insecta,Hemiptera,0.0017,3,0.5,2,85,3,cylindrical scaling,,
8556,11310,Nasonovia ribis nigri,Lettuce aphid,Arthropoda,Insecta,Hemiptera,0.0017,3,0.5,2,85,3,cylindrical scaling,,
8586,11310,Nasonovia ribis nigri,Lettuce aphid,Arthropoda,Insecta,Hemiptera,0.0017,3,0.5,2,85,3,cylindrical scaling,,
8616,11310,Nasonovia ribis nigri,Lettuce aphid,Arthropoda,Insecta,Hemiptera,0.0017,3,0.5,2,85,3,cylindrical scaling,,
8646,11310,Nasonovia ribis nigri,Lettuce aphid,Arthropoda,Insecta,Hemiptera,0.0017,3,0.5,2,85,3,cylindrical scaling,,
9952,12081,Sahlbergella singularis,Cocoa mirid,Arthropoda,Insecta,Hemiptera,0.0017,3,0.5,2,40,3,cylindrical scaling,,
6768,11173,Blissus leucopterus,Chinch bug,Arthropoda,Insecta,Hemiptera,0.0027,3.5,1,3,50,3,cylindrical scaling,,
9517,11946,Callosobruchus chinensis,"Seed beetle, Pulse beetle or Adzuki bean beetle",Arthropoda,Insecta,Coleoptera,0.0027,3.5,0.5,5.9,60,3,cylindrical scaling,,
8152,11297,Cinara,Aphid,Arthropoda,Insecta,Hemiptera,0.004,4,1,1,100,3,cylindrical scaling,,
8180,11297,Cinara,Aphid,Arthropoda,Insecta,Hemiptera,0.004,4,1,1,100,3,cylindrical scaling,,
8209,11297,Cinara,Aphid,Arthropoda,Insecta,Hemiptera,0.004,4,1,1,100,3,cylindrical scaling,,
8329,11297,Cinara,Aphid,Arthropoda,Insecta,Hemiptera,0.004,4,1,1,100,3,cylindrical scaling,,
8360,11297,Cinara,Aphid,Arthropoda,Insecta,Hemiptera,0.004,4,1,1,100,3,cylindrical scaling,,
8390,11297,Cinara,Aphid,Arthropoda,Insecta,Hemiptera,0.004,4,1,1,100,3,cylindrical scaling,,
8480,11297,Cinara,Aphid,Arthropoda,Insecta,Hemiptera,0.004,4,1,1,100,3,cylindrical scaling,,
8511,11297,Cinara,Aphid,Arthropoda,Insecta,Hemiptera,0.004,4,1,1,100,3,cylindrical scaling,,
9643,11983,Dendroctonus frontalis,Southern pine beetle,Arthropoda,Insecta,Coleoptera,0.004,4,2,24,25,3,cylindrical scaling,,
9949,399,Operophtera brumata,Winter moth,Arthropoda,Insecta,Lepidoptera,0.05,9,8,10,400,3,cylindrical scaling,,
9950,399,Operophtera brumata,Winter moth,Arthropoda,Insecta,Lepidoptera,0.05,9,8,10,400,3,cylindrical scaling,,
9232,47,Bupalus piniaria,Pine looper or Bordered white,Arthropoda,Insecta,Lepidoptera,0.22,15,8,10,550,3,cylindrical scaling,,
9381,47,Bupalus piniaria,Pine looper or Bordered white,Arthropoda,Insecta,Lepidoptera,0.22,15,8,10,550,3,cylindrical scaling,,
9382,47,Bupalus piniaria,Pine looper or Bordered white,Arthropoda,Insecta,Lepidoptera,0.22,15,8,10,550,3,cylindrical scaling,,
9691,47,Bupalus piniaria,Pine looper or Bordered white,Arthropoda,Insecta,Lepidoptera,0.22,15,8,10,550,3,cylindrical scaling,,
9612,44,Panolis flammea,Pine beauty,Arthropoda,Insecta,Lepidoptera,0.5,20,8,11,520,3,cylindrical scaling,,
9688,44,Panolis flammea,Pine beauty,Arthropoda,Insecta,Lepidoptera,0.5,20,8,11,520,3,cylindrical scaling,,
8193,11311,Prociphilines (genus Prociphilus),Aphid,Arthropoda,Insecta,Hemiptera,0.001,2.5,1,2,50,3,"length reported as 20, likely incorrect, changed to 2.5",,
8223,11311,Prociphilines (genus Prociphilus),Aphid,Arthropoda,Insecta,Hemiptera,0.001,2.5,1,2,50,3,"length reported as 20, likely incorrect, changed to 2.6",,
8255,11311,Prociphilines (genus Prociphilus),Aphid,Arthropoda,Insecta,Hemiptera,0.001,2.5,1,2,50,3,"length reported as 20, likely incorrect, changed to 2.7",,
8285,11311,Prociphilines (genus Prociphilus),Aphid,Arthropoda,Insecta,Hemiptera,0.001,2.5,1,2,50,3,"length reported as 20, likely incorrect, changed to 2.8",,
8314,11311,Prociphilines (genus Prociphilus),Aphid,Arthropoda,Insecta,Hemiptera,0.001,2.5,1,2,50,3,"length reported as 20, likely incorrect, changed to 2.9",,
8344,11311,Prociphilines (genus Prociphilus),Aphid,Arthropoda,Insecta,Hemiptera,0.001,2.5,1,2,50,3,"length reported as 20, likely incorrect, changed to 2.10",,
8375,11311,Prociphilines (genus Prociphilus),Aphid,Arthropoda,Insecta,Hemiptera,0.001,2.5,1,2,50,3,"length reported as 20, likely incorrect, changed to 2.11",,
8405,11311,Prociphilines (genus Prociphilus),Aphid,Arthropoda,Insecta,Hemiptera,0.001,2.5,1,2,50,3,"length reported as 20, likely incorrect, changed to 2.12",,
8435,11311,Prociphilines (genus Prociphilus),Aphid,Arthropoda,Insecta,Hemiptera,0.001,2.5,1,2,50,3,"length reported as 20, likely incorrect, changed to 2.13",,
8465,11311,Prociphilines (genus Prociphilus),Aphid,Arthropoda,Insecta,Hemiptera,0.001,2.5,1,2,50,3,"length reported as 20, likely incorrect, changed to 2.14",,
8495,11311,Prociphilines (genus Prociphilus),Aphid,Arthropoda,Insecta,Hemiptera,0.001,2.5,1,2,50,3,"length reported as 20, likely incorrect, changed to 2.15",,
8526,11311,Prociphilines (genus Prociphilus),Aphid,Arthropoda,Insecta,Hemiptera,0.001,2.5,1,2,50,3,"length reported as 20, likely incorrect, changed to 2.16",,
8557,11311,Prociphilines (genus Prociphilus),Aphid,Arthropoda,Insecta,Hemiptera,0.001,2.5,1,2,50,3,"length reported as 20, likely incorrect, changed to 2.17",,
8587,11311,Prociphilines (genus Prociphilus),Aphid,Arthropoda,Insecta,Hemiptera,0.001,2.5,1,2,50,3,"length reported as 20, likely incorrect, changed to 2.18",,
8617,11311,Prociphilines (genus Prociphilus),Aphid,Arthropoda,Insecta,Hemiptera,0.001,2.5,1,2,50,3,"length reported as 20, likely incorrect, changed to 2.19",,
8647,11311,Prociphilines (genus Prociphilus),Aphid,Arthropoda,Insecta,Hemiptera,0.001,2.5,1,2,50,3,"length reported as 20, likely incorrect, changed to 2.20",,
9191,11356,Panaxia dominula-dominula,Scarlet tiger moth,Arthropoda,Insecta,Lepidoptera,0.5,20,8,11,750,3,cylindrical scaling,,
9192,11357,Panaxia dominula-medionigra,Scarlet tiger moth,Arthropoda,Insecta,Lepidoptera,0.5,20,8,11,750,3,cylindrical scaling,,
9308,11901,Lymantria dispar,Gypsy moth,Arthropoda,Insecta,Lepidoptera,0.9,35,2,6,400,3,"pupae weight, m f avg",,
9646,11901,Lymantria dispar,Gypsy moth,Arthropoda,Insecta,Lepidoptera,0.9,35,2,6,400,3,pupae weight,,
9586,46,Dendrolimus pini,Pine-tree lappet,Arthropoda,Insecta,Lepidoptera,1.2,44,8,10,450,3,estimate,,
9690,46,Dendrolimus pini,Pine-tree lappet,Arthropoda,Insecta,Lepidoptera,1.2,44,8,10,450,3,estimate,,
9689,45,Hyloicus pinastri,Pine hawkmoth,Arthropoda,Insecta,Lepidoptera,4,63,8,10,1100,3,middle of range for hawkmoths,,
9598,398,Unknown Insect sp296,Hawkmoth,Arthropoda,Insecta,Lepidoptera,4,63,8,10,1100,3,middle of range for hawkmoths,,
5021,793,Asterionella formosa,Pennate diatom,Chromophyta (Heterokontophyta),Bacillariophyceae,Pennales,0.000000005,0.1,0.03,0.03,NA,1,various sources,,
6104,10666,Chaetoceras ,Diatom,Chromophyta (Heterokontophyta),Bacillariophyceae,Centrales,,0.0371,0.02449,0.02449,NA,1,avg of species,,https://academic.oup.com/plankt/article-abstract/12/6/1117/1568153
6105,10667,Chaetoceras decipiens,Diatom,Chromophyta (Heterokontophyta),Bacillariophyceae,Centrales,,0.0369,0.03097,0.03097,NA,1,22.3,36.9,
6106,10668,Chaetoceras debile,Diatom,Chromophyta (Heterokontophyta),Bacillariophyceae,Centrales,,0.031,0.0203,0.0203,NA,1,14.6,31,
6107,10669,Chaetoceras teres,Diatom,Chromophyta (Heterokontophyta),Bacillariophyceae,Centrales,,0.0434,0.0222,0.0222,NA,1,16,43.4,
6109,10671,Rhizosolenia ,Diatom,Chromophyta (Heterokontophyta),Bacillariophyceae,Centrales,,,,,NA,1,,,
6110,10672,Rhizosolenia semispina,Diatom,Chromophyta (Heterokontophyta),Bacillariophyceae,Centrales,,,,,NA,1,,,
6111,10673,Rhizosolenia shrubsolei,Diatom,Chromophyta (Heterokontophyta),Bacillariophyceae,Centrales,,0.0122,0.0278,0.0278,NA,1,20,12.2,congener of similar size
6112,10674,Rhizosolenia stolterfothii,Diatom,Chromophyta (Heterokontophyta),Bacillariophyceae,Centrales,,0.0379,0.02375,0.02375,NA,1,17.1,37.9,
6114,10676,Coscinodiscus ,Diatom,Chromophyta (Heterokontophyta),Bacillariophyceae,Centrales,,0.185666667,0.04019,0.04019,NA,1,avg of species,,
6115,10677,Coscinodiscus concinnus,Diatom,Chromophyta (Heterokontophyta),Bacillariophyceae,Centrales,,0.335,0.04417,0.04417,NA,1,31.8,335,
6116,10678,Coscinodiscus radiatus,Diatom,Chromophyta (Heterokontophyta),Bacillariophyceae,Centrales,,0.07,0.0375,0.0375,NA,1,27,70,
6117,10679,Coscinodiscus grani,Diatom,Chromophyta (Heterokontophyta),Bacillariophyceae,Centrales,,0.152,0.0389,0.0389,NA,1,28,152,
6118,10680,Biddulphia ,Diatom,Chromophyta (Heterokontophyta),Bacillariophyceae,Pennales,,,,,NA,1,,,
6119,10681,Biddulphia mobiliensis,Diatom,Chromophyta (Heterokontophyta),Bacillariophyceae,Pennales,,,,,NA,1,Trieres mobiliensis,,
6120,10682,Biddulphia sinensis,Diatom,Chromophyta (Heterokontophyta),Bacillariophyceae,Pennales,,0.127,0.048055556,0.048055556,NA,1,34.6,127,
6121,10683,Guinardia flaccida,Diatom,Chromophyta (Heterokontophyta),Bacillariophyceae,Pennales,,0.0507,0.034861111,0.034861111,NA,1,25.1,50.7,
6122,10684,Lauderia borealis,Diatom,Chromophyta (Heterokontophyta),Bacillariophyceae,Pennales,,0.035,0.013472222,0.013472222,NA,1,9.7,35,
6125,10687,Ceratium tripos,Dinoflagellate,Dinophyta (Pyrrophyta),Dinophyceae,Peridiniales,5.00E-07,0.25,0.04,0.04,NA,1,"Tripos muelleri, body about 100 um across",,
6126,10688,Peridinium ,Dinoflagellate,Dinophyta (Pyrrophyta),Dinophyceae,Peridiniales,6.50E-08,0.05,0.03,0.03,NA,1,,,
6127,10689,Noctiluca miliaris,Dinoflagellate,Dinophyta (Pyrrophyta),Dinophyceae,Peridiniales,0.000065,0.5,0.05,0.05,NA,2,"sphere estimate, doubling time about 1.5 days",,
6128,10690,Medusoid gonophores,Medusoid gonophore,Cnidaria (Coelenterata),Scyphozoa,Unknown,,,,,,,,,
6129,10691,Sagitta bipunctata,Arrowworm,Chaetognatha,Unknown,Aphragmophora,,,,,,,,,
6130,10692,Calanus finmarchicus,Planktonic shellfish,Arthropoda,Crustacea,Calanoida,,,,,,2,,,
6131,10693,Paracalanus parvus,Marine calanoid copepod,Arthropoda,Crustacea,Calanoida,,,,,,2,,,
6132,10694,Pseudocalanus elongatus,Zooplankton,Arthropoda,Crustacea,Unknown,,,,,,2,,,
6133,10695,Centropages hamatus,Zooplankton,Arthropoda,Crustacea,Calanoida,,,,,,,,,
6134,10696,Oithona similis,Unknown,Arthropoda,Crustacea,Cyclopoida?,,,,,,,,,
6135,10697,Acartia clausi,Copepod,Arthropoda,Crustacea,Calanoida,,,,,,2,,,
6136,10698,Temora longicornis,Marine calanoid copepod,Arthropoda,Crustacea,Calanoida,,,,,,2,,,
6138,10700,Echinoderm plutei,Sea urchin or Starfish larvae,Echinodermata,Echinoidea,Echinida,,,,,,2,,,
6139,10701,Polychaete larvae,Polychaete larvae,Annelida,Polychaeta,Unknown,,,,,,2,,,
6140,10702,Lamellibranch larvae,Lamellibranch larvae,Mollusca,Bivalvia,Unknown,,,,,,2,,,
6141,10703,Gastropod larvae,Snail larvae,Mollusca,Gastropoda,Unknown,,,,,,2,,,
6142,10704,Balanus balanoides,Northern rock barnacle,Arthropoda,Crustacea,Thoracica,,,,,,2,,,
6143,10704,Balanus balanoides,Northern rock barnacle,Arthropoda,Crustacea,Thoracica,,,,,,2,,,
9685,12029,Rubeola or Morbilli,Measles,Virus,Unknown,Unknown,NA,NA,0.33,0.33,NA,NA,CDC: about 10 days from exposure to commicability,,
9686,12030,Bordetella pertussis,Whooping cough,Monera,Unknown,Unknown,NA,NA,0.25,0.25,NA,NA,CDC: about 7 days from exposure to commicability,,
