"MainID","TaxonID","DataSourceID","BiotopeID","LocationID","TaxonName","CommonName","Reliability","SamplingInterval","datasetlength","ndatapoints","uniquevals","zerorun","zeros","propzeros","missingvals","propmissing","TaxonomicPhylum","TaxonomicClass","TaxonomicOrder","TaxonomicFamily","TaxonomicGenus","TaxonomicClass2","TaxonomicLevel","Mass_g","Length_mm","MinAge_mo","Lifespan_mo","Fertility","TrL","timescale_MinAge","timescale_Lifespan","timestep_MinAge","timestep_Lifespan","ExactName","Country","Continent","LongDD","LatDD","SpatialAccuracy","LocationExtent","SamplingUnits","SourceTransform","Notes","data_rescale_case","monotonicR2"
1,1,1,1,1,"Bonasa bonasia","Hazel grouse",4,"annual",30,30,22,1,1,0.0333333333333333,0,0,"Chordata","Aves","Galliformes","Tetraonidae","Bonasa ","Aves","Species",429,375,10,60,8,3,36,6,1.2,0.2,"Pechoro-Ilych Reserve","Russian Federation","Europe",57,62,3,1,"All Individuals","None","Source dominated landscape.",2,0.0160254616314163
56,9,13,11,18,"Haematopus ostralegus","Eurasian oystercatcher",4,"annual",52,47,18,0,0,0,5,0.0961538461538461,"Chordata","Aves","Charadriiformes","Haematopodidae","Haematopus ","Aves","Species",526,440,36,240,3,5,17.3333333333333,2.6,0.333333333333333,0.05,"Skokholm Island","UK - Wales","Europe",-5.15,51.7,3,3,"Pairs","None","None",1,0.291481061530427
57,61,13,11,18,"Anthus pratensis","Meadow pipit",4,"annual",52,47,20,0,0,0,5,0.0961538461538461,"Chordata","Aves","Passeriformes","Motacillidae","Anthus ","Aves","Species",18,145,12,84,8,4,52,7.42857142857143,1,0.142857142857143,"Skokholm Island","UK - Wales","Europe",-5.15,51.7,3,3,"Pairs","None","None",1,8.51583278628927e-05
58,62,13,11,18,"Oenanthe oenanthe","Wheatear",4,"annual",52,47,21,0,0,0,5,0.0961538461538461,"Chordata","Aves","Passeriformes","Muscicapidae","Oenanthe ","Aves","Species",23,150,12,84,12,4,52,7.42857142857143,1,0.142857142857143,"Skokholm Island","UK - Wales","Europe",-5.15,51.7,3,3,"Pairs","None","None",1,0.0397819911115928
59,63,13,11,18,"Alauda arvensis","Skylark",4,"annual",52,47,23,0,0,0,5,0.0961538461538461,"Chordata","Aves","Passeriformes","Alaudidae","Alauda ","Aves","Species",40,180,12,120,15,4,52,5.2,1,0.1,"Skokholm Island","UK - Wales","Europe",-5.15,51.7,3,3,"Pairs","None","None",1,0.776770713214827
60,64,13,11,18,"Sturnus vulgaris","Starling",4,"annual",52,47,22,12,12,0.25531914893617,5,0.0961538461538461,"Chordata","Aves","Passeriformes","Sturnidae","Sturnus ","Aves","Species",82,220,10,84,12,4,62.4,7.42857142857143,1.2,0.142857142857143,"Skokholm Island","UK - Wales","Europe",-5.15,51.7,3,3,"Pairs","None","None",2,0.871565421216454
61,65,13,11,18,"Vanellus vanellus","Lapwing",4,"annual",52,47,21,1,1,0.0212765957446809,5,0.0961538461538461,"Chordata","Aves","Charadriiformes","Charadriidae","Vanellus ","Aves","Species",219,300,12,216,4,5,52,2.88888888888889,1,0.0555555555555556,"Skokholm Island","UK - Wales","Europe",-5.15,51.7,3,3,"Pairs","None","None",2,0.0148646008961611
64,68,13,11,18,"Corvus corone","Carrion crow",4,"annual",52,47,9,0,0,0,5,0.0961538461538461,"Chordata","Aves","Passeriformes","Corvidae","Corvus ","Aves","Species",570,435,24,180,5,4,26,3.46666666666667,0.5,0.0666666666666667,"Skokholm Island","UK - Wales","Europe",-5.15,51.7,3,3,"Pairs","None","None",1,0.216196030817794
65,69,13,11,18,"Prunella modularis","Hedge sparrow or Dunnock",4,"annual",52,47,10,18,18,0.382978723404255,5,0.0961538461538461,"Chordata","Aves","Passeriformes","Prunellidae","Prunella ","Aves","Species",19.7,140,12,72,10,4,52,8.66666666666667,1,0.166666666666667,"Skokholm Island","UK - Wales","Europe",-5.15,51.7,3,3,"Pairs","None","None",2,0.00828457023132868
1150,162,17,17,94,"Coccyzus americanus","Yellow billed cuckoo",4,"annual",50,44,7,2,3,0.0681818181818182,6,0.12,"Chordata","Aves","Cuculiformes","Cuculidae","Coccyzus ","Aves","Species",64,265,6,81,5,5,100,7.40740740740741,2,0.148148148148148,"William Trelease Woods","USA","North America",-88.3,40.1333333333333,4,3,"Male territories or breeding pairs","None","Breeding population",2,0.185520716829298
1153,165,17,17,94,"Colaptes auratus","Common flicker",4,"annual",50,44,13,3,6,0.136363636363636,6,0.12,"Chordata","Aves","Piciformes","Picidae","Colaptes ","Aves","Species",132,320,10,84,12,4,60,7.14285714285714,1.2,0.142857142857143,"William Trelease Woods","USA","North America",-88.3,40.1333333333333,4,3,"Male territories or breeding pairs","None","Breeding population",2,0.698583685809432
1154,166,17,17,94,"Melanerpes carolinus","Red-bellied woodpecker",4,"annual",50,43,6,1,3,0.0697674418604651,7,0.14,"Chordata","Aves","Piciformes","Picidae","Melanerpes ","Aves","Species",62,240,10,96,10,4,60,6.25,1.2,0.125,"William Trelease Woods","USA","North America",-88.3,40.1333333333333,4,3,"Male territories or breeding pairs","None","Breeding population",2,0.355811570566827
1155,167,17,17,94,"Melanerpes erythrocephalus","Red-headed woodpecker",4,"annual",50,44,19,5,9,0.204545454545455,6,0.12,"Chordata","Aves","Piciformes","Picidae","Melanerpes ","Aves","Species",71.6,240,12,96,10,4,50,6.25,1,0.125,"William Trelease Woods","USA","North America",-88.3,40.1333333333333,4,3,"Male territories or breeding pairs","None","Breeding population",2,0.434227194571149
1157,169,17,17,94,"Picoides pubescens","Downy woodpecker",4,"annual",50,44,9,0,0,0,6,0.12,"Chordata","Aves","Piciformes","Picidae","Picoides ","Aves","Species",27,170,10,96,10,4,60,6.25,1.2,0.125,"William Trelease Woods","USA","North America",-88.3,40.1333333333333,4,3,"Male territories or breeding pairs","None","Breeding population",1,0.0012743821142748
1158,170,17,17,94,"Myiarchus crinitus","Great crested flycatcher",4,"annual",50,43,9,0,0,0,7,0.14,"Chordata","Aves","Passeriformes","Tyrannidae","Myiarchus ","Aves","Species",33.5,200,12,108,8,5,50,5.55555555555556,1,0.111111111111111,"William Trelease Woods","USA","North America",-88.3,40.1333333333333,4,3,"Male territories or breeding pairs","None","Breeding population",1,0.104004022906183
1159,171,17,17,94,"Contopus virens","Eastern wood-pewee",4,"annual",50,44,16,0,0,0,6,0.12,"Chordata","Aves","Passeriformes","Tyrannidae","Contopus ","Aves","Species",14,160,12,60,6,5,50,10,1,0.2,"William Trelease Woods","USA","North America",-88.3,40.1333333333333,4,3,"Male territories or breeding pairs","None","Breeding population",1,0.0836705425779882
1161,173,17,17,94,"Corvus brachyrhynchos.","Common crow or American crow",4,"annual",50,44,10,0,0,0,6,0.12,"Chordata","Aves","Passeriformes","Corvidae","Corvus ","Aves","Species",448,450,24,180,5,4,25,3.33333333333333,0.5,0.0666666666666667,"William Trelease Woods","USA","North America",-88.3,40.1333333333333,4,3,"Male territories or breeding pairs","None","Breeding population",1,0.557705670417453
1162,174,17,17,94,"Parus bicolor","Tufted titmouse",4,"annual",39,33,8,1,1,0.0303030303030303,6,0.153846153846154,"Chordata","Aves","Passeriformes","Paridae","Parus ","Aves","Species",21.6,135,12,72,10,3,39,6.5,1,0.166666666666667,"William Trelease Woods","USA","North America",-88.3,40.1333333333333,4,3,"Male territories or breeding pairs","None","Breeding population",3,0.265874965532267
1163,175,17,17,94,"Troglodytes aedon","House wren",4,"annual",50,44,28,1,2,0.0454545454545455,6,0.12,"Chordata","Aves","Passeriformes","Certhiidae","Troglodytes ","Aves","Species",10.9,120,10,84,12,4,60,7.14285714285714,1.2,0.142857142857143,"William Trelease Woods","USA","North America",-88.3,40.1333333333333,4,3,"Male territories or breeding pairs","None","Breeding population",2,0.0664756230826711
1166,64,17,17,94,"Sturnus vulgaris","Starling",4,"annual",43,41,27,0,0,0,2,0.0465116279069767,"Chordata","Aves","Passeriformes","Sturnidae","Sturnus ","Aves","Species",82,220,10,84,12,4,51.6,6.14285714285714,1.2,0.142857142857143,"William Trelease Woods","USA","North America",-88.3,40.1333333333333,4,3,"Male territories or breeding pairs","None","Breeding population",1,0.606796093365109
1169,183,17,17,94,"Cardinalis cardinalis","Cardinal",4,"annual",50,44,8,0,0,0,6,0.12,"Chordata","Aves","Passeriformes","Fringillidae","Cardinalis ","Aves","Species",45,220,12,96,7,4,50,6.25,1,0.125,"William Trelease Woods","USA","North America",-88.3,40.1333333333333,4,3,"Male territories or breeding pairs","None","Breeding population",1,0.376524392552562
1170,184,17,17,94,"Passerina cyanea","Indigo bunting",4,"annual",50,44,22,1,1,0.0227272727272727,6,0.12,"Chordata","Aves","Passeriformes","Fringillidae","Passerina ","Aves","Species",14.5,140,12,96,5,3,50,6.25,1,0.125,"William Trelease Woods","USA","North America",-88.3,40.1333333333333,4,3,"Male territories or breeding pairs","None","Breeding population",2,0.125806225985738
1173,187,17,17,94,"Phasianus colchicus","Ring-necked pheasant",4,"annual",30,30,15,1,2,0.0666666666666667,0,0,"Chordata","Aves","Galliformes","Phasianidae","Phasianus ","Aves","Species",1135,700,10,96,12,4,36,3.75,1.2,0.125,"William Trelease Woods","USA","North America",-88.3,40.1333333333333,4,3,"All Individuals","None","Wintering population",3,0.126414891687295
1176,166,17,17,94,"Melanerpes carolinus","Red-bellied woodpecker",4,"annual",53,48,9,3,3,0.0625,5,0.0943396226415094,"Chordata","Aves","Piciformes","Picidae","Melanerpes ","Aves","Species",62,240,10,96,10,4,63.6,6.625,1.2,0.125,"William Trelease Woods","USA","North America",-88.3,40.1333333333333,4,3,"All Individuals","None","Wintering population",2,0.280318792187053
1178,168,17,17,94,"Picoides villosus","Hairy woodpecker",4,"annual",53,48,6,3,4,0.0833333333333333,5,0.0943396226415094,"Chordata","Aves","Piciformes","Picidae","Picoides ","Aves","Species",66,240,12,84,8,4,53,7.57142857142857,1,0.142857142857143,"William Trelease Woods","USA","North America",-88.3,40.1333333333333,4,3,"All Individuals","None","Wintering population",3,0.00441733399420703
1179,169,17,17,94,"Picoides pubescens","Downy woodpecker",4,"annual",53,48,14,0,0,0,5,0.0943396226415094,"Chordata","Aves","Piciformes","Picidae","Picoides ","Aves","Species",27,170,10,96,10,4,63.6,6.625,1.2,0.125,"William Trelease Woods","USA","North America",-88.3,40.1333333333333,4,3,"All Individuals","None","Wintering population",1,0.00105062332839681
1180,172,17,17,94,"Cyanocitta cristata","Blue jay",4,"annual",53,47,12,2,5,0.106382978723404,6,0.113207547169811,"Chordata","Aves","Passeriformes","Corvidae","Cyanocitta ","Aves","Species",86.8,280,12,108,8,4,53,5.88888888888889,1,0.111111111111111,"William Trelease Woods","USA","North America",-88.3,40.1333333333333,4,3,"All Individuals","None","Wintering population",3,0.270274036079345
1181,173,17,17,94,"Corvus brachyrhynchos.","Common crow or American crow",4,"annual",53,48,19,1,2,0.0416666666666667,5,0.0943396226415094,"Chordata","Aves","Passeriformes","Corvidae","Corvus ","Aves","Species",448,450,24,180,5,4,26.5,3.53333333333333,0.5,0.0666666666666667,"William Trelease Woods","USA","North America",-88.3,40.1333333333333,4,3,"All Individuals","None","Wintering population",3,0.277844803542905
1182,174,17,17,94,"Parus bicolor","Tufted titmouse",4,"annual",46,41,14,2,3,0.0731707317073171,5,0.108695652173913,"Chordata","Aves","Passeriformes","Paridae","Parus ","Aves","Species",21.6,135,12,72,10,3,46,7.66666666666667,1,0.166666666666667,"William Trelease Woods","USA","North America",-88.3,40.1333333333333,4,3,"All Individuals","None","Wintering population",3,0.461337641942303
1183,188,17,17,94,"Sitta carolinensis","White-breasted nuthatch",4,"annual",53,48,6,2,6,0.125,5,0.0943396226415094,"Chordata","Aves","Passeriformes","Sittidae","Sitta ","Aves","Species",21,150,12,72,10,5,53,8.83333333333333,1,0.166666666666667,"William Trelease Woods","USA","North America",-88.3,40.1333333333333,4,3,"All Individuals","None","Wintering population",3,0.0887886688746388
1184,189,17,17,94,"Certhia americana","Brown creeper",4,"annual",51,47,9,3,4,0.0851063829787234,4,0.0784313725490197,"Chordata","Aves","Passeriformes","Certhiidae","Certhia ","Aves","Species",8.4,130,10,72,7,5,61.2,8.5,1.2,0.166666666666667,"William Trelease Woods","USA","North America",-88.3,40.1333333333333,4,3,"All Individuals","None","Wintering population",3,0.0291227580367518
1187,183,17,17,94,"Cardinalis cardinalis","Cardinal",4,"annual",53,48,10,0,0,0,5,0.0943396226415094,"Chordata","Aves","Passeriformes","Fringillidae","Cardinalis ","Aves","Species",45,220,12,96,7,4,53,6.625,1,0.125,"William Trelease Woods","USA","North America",-88.3,40.1333333333333,4,3,"All Individuals","None","Wintering population",1,0.213343085374882
1188,151,17,17,94,"Junco hyemalis","Dark-eyed junco",4,"annual",53,48,26,2,7,0.145833333333333,5,0.0943396226415094,"Chordata","Aves","Passeriformes","Fringillidae","Junco ","Aves","Species",20,160,12,120,8,4,53,5.3,1,0.1,"William Trelease Woods","USA","North America",-88.3,40.1333333333333,4,3,"All Individuals","None","Wintering population",3,0.0300618417514953
1189,190,17,17,94,"Spizella arborea","American tree sparrow",4,"annual",53,48,26,3,4,0.0833333333333333,5,0.0943396226415094,"Chordata","Aves","Passeriformes","Fringillidae","Spizella ","Aves","Species",20,160,10,60,6,4,63.6,10.6,1.2,0.2,"William Trelease Woods","USA","North America",-88.3,40.1333333333333,4,3,"All Individuals","None","Wintering population",2,0.00406912309195042
1211,191,17,17,94,"Melospiza melodia","Song sparrow",4,"annual",30,30,8,1,3,0.1,0,0,"Chordata","Aves","Passeriformes","Fringillidae","Melospiza ","Aves","Species",21,180,12,120,8,5,30,3,1,0.1,"William Trelease Woods","USA","North America",-88.3,40.1333333333333,4,3,"All Individuals","None","Wintering population",2,0.012575963855163
1213,165,17,17,94,"Colaptes auratus","Common flicker",4,"annual",53,48,11,5,8,0.166666666666667,5,0.0943396226415094,"Chordata","Aves","Piciformes","Picidae","Colaptes ","Aves","Species",132,320,10,84,12,4,63.6,7.57142857142857,1.2,0.142857142857143,"William Trelease Woods","USA","North America",-88.3,40.1333333333333,4,3,"All Individuals","None","Wintering population",3,0.307489841015821
1347,412,34,81,140,"Grus americana","Whooping crane",4,"annual",48,48,30,0,0,0,0,0,"Chordata","Aves","Gaviiformes","Gruidae","Grus ","Aves","Species",5826,1450,48,264,2,4,12,2.18181818181818,0.25,0.0454545454545455,"Aransas","USA","North America",-97,27.8333333333333,2,2,"Adults","None","Aransas is the winter refuge for the endangered whooping cranes that spend the breeding season in NW Canada.",1,0.926855193234177
1869,10225,301,280,10269,"Oncorhynchus gorbuscha","Pink salmon",2,"annual",44,44,43,0,0,0,0,0,"Chordata","Osteichthyes","Salmoniformes","Salmonidae","Oncorhynchus ","Osteichthyes","Species",1000,400,18,48,1500,5,29.3333333333333,11,0.666666666666667,0.25,"Kodiak Archipelago","USA","North America",-153.333333333333,57.3333333333333,3,1,"All Individuals","x 10^n","Donnelly, R.F. 1983. Factors Affecting the Abundance of Kodiak Archipelago Pink Salmon ( Oncorhynchus gorbuscha, Walbaum). Ph.D. thesis. University of Washington, Seattle, WA. 157 p. Table 2.1,  updated with info from D.E. Rogers, Fisheries Research inst, Univ of Washington , compiled from Alaska Fish and Game Reports",1,0.102719743604885
2721,416,59,23,81,"Lepus americanus","Snowshoe hare or American varying hare",2,"annual",57,57,42,0,0,0,0,0,"Chordata","Mammalia","Lagomorpha","Leporidae","Lepus ","Mammalia","Species",2000,450,12,60,16,3,57,11.4,1,0.2,"USA","USA","North America",-95,40,4,1,"All Individuals","None","None",1,0.0303757822802361
2722,75,59,23,81,"Lynx canadensis","Canadian lynx",2,"annual",57,57,32,0,0,0,0,0,"Chordata","Mammalia","Carnivora","Felidae","Lynx ","Mammalia","Species",9900,870,10,180,3,5,68.4,3.8,1.2,0.0666666666666667,"USA","USA","North America",-95,40,4,1,"All Individuals","None","None",1,0.0255141975743469
2726,733,55,53,56,"Colinus virginianus","Northern bobwhite or Bobwhite quail",3,"annual",46,46,25,0,0,0,0,0,"Chordata","Aves","Galliformes","Tetraonidae","Colinus ","Aves","Species",178,200,10,60,12,4,55.2,9.2,1.2,0.2,"Nebraska","USA","North America",-110,42,4,1,"All Individuals","None","Rural mail carriers have recorded the number of upland species they observe and the number of miles they drive during several four-day periods each year. Summer survey, carried out at the same time each year.",1,0.0835845166619299
2759,739,64,84,364,"Oncorhynchus nerka","Sockeye salmon",2,"annual",57,57,35,0,0,0,0,0,"Chordata","Osteichthyes","Salmoniformes","Salmonidae","Oncorhynchus ","Osteichthyes","Species",1400,500,24,84,3000,5,28.5,8.14285714285714,0.5,0.142857142857143,"Skeena River","Canada","North America",-129.333333333333,54.5,3,1,"All Individuals","None","None",1,0.220371096230251
2770,224,63,83,363,"Phylloscopus collybita","Chiffchaff",4,"annual",33,33,13,0,0,0,0,0,"Chordata","Aves","Passeriformes","Sylviidae","Phylloscopus ","Aves","Species",8,100,10,84,5,4,39.6,4.71428571428571,1.2,0.142857142857143,"Wood around Kitesnest Farm, near Highnam, west of Gloucester","UK - England","Europe",-2.33333333333333,51.8333333333333,4,3,"All Individuals","None","None",1,0.17115901720882
2771,223,63,83,363,"Phylloscopus trochilus","Willow warbler",4,"annual",33,33,15,0,0,0,0,0,"Chordata","Aves","Passeriformes","Sylviidae","Phylloscopus ","Aves","Species",9,90,10,84,12,4,39.6,4.71428571428571,1.2,0.142857142857143,"Wood around Kitesnest Farm, near Highnam, west of Gloucester","UK - England","Europe",-2.33333333333333,51.8333333333333,4,3,"All Individuals","None","None",1,0.636808343968525
2772,218,63,83,363,"Luscinia megahrynchos","Nightingale",4,"annual",34,34,14,0,0,0,0,0,"Chordata","Aves","Passeriformes","Muscicapidae","Luscinia ","Aves","Species",18.3,160,12,96,5,4,34,4.25,1,0.125,"Wood around Kitesnest Farm, near Highnam, west of Gloucester","UK - England","Europe",-2.33333333333333,51.8333333333333,4,3,"All Individuals","None","None",1,0.306056653040694
2773,9,62,11,18,"Haematopus ostralegus","Eurasian oystercatcher",4,"annual",40,32,14,0,0,0,8,0.2,"Chordata","Aves","Charadriiformes","Haematopodidae","Haematopus ","Aves","Species",526,440,36,240,3,5,13.3333333333333,2,0.333333333333333,0.05,"Skokholm Island","UK - Wales","Europe",-5.15,51.7,3,3,"Pairs","None","None",1,0.236761732022779
2775,63,62,11,18,"Alauda arvensis","Skylark",4,"annual",40,33,19,1,1,0.0303030303030303,7,0.175,"Chordata","Aves","Passeriformes","Alaudidae","Alauda ","Aves","Species",40,180,12,120,15,4,40,4,1,0.1,"Skokholm Island","UK - Wales","Europe",-5.15,51.7,3,3,"Pairs","None","0.5 was used when the figure was estimated as between two figures. Eg. 17.5 means 17-18 pairs.",3,0.777992796180182
2777,68,62,11,18,"Corvus corone","Carrion crow",4,"annual",40,32,8,0,0,0,8,0.2,"Chordata","Aves","Passeriformes","Corvidae","Corvus ","Aves","Species",570,435,24,180,5,4,20,2.66666666666667,0.5,0.0666666666666667,"Skokholm Island","UK - Wales","Europe",-5.15,51.7,3,3,"Pairs","None","None",1,0.0494408739152983
5019,790,80,101,414,"Macaca sylvanus","Barbary macaque",5,"annual",46,46,25,0,0,0,0,0,"Chordata","Mammalia","Primates","Cercopithecidae","Macaca ","Mammalia","Species",11200,600,30,240,0.5,4,18.4,2.3,0.4,0.05,"Queens Gate","Gibraltar","Europe",-5.35,36.15,4,2,"All Individuals","Log","None",1,0.0512421663159349
5020,790,80,101,415,"Macaca sylvanus","Barbary macaque",5,"annual",36,34,19,0,0,0,2,0.0555555555555556,"Chordata","Mammalia","Primates","Cercopithecidae","Macaca ","Mammalia","Species",11200,600,30,240,0.5,4,14.4,1.8,0.4,0.05,"Middle Hill","Gibraltar","Europe",-5.33333333333333,36.1666666666667,4,4,"All Individuals","Log","None",1,0.265271682283693
5021,793,82,102,416,"Asterionella formosa","Pennate diatom",3,"annual",45,43,27,0,0,0,2,0.0444444444444444,"Chromophyta (Heterokontophyta)","Bacillariophyceae","Pennales","Unknown","Asterionella ","Bacillariophyceae","Species",5e-09,0.1,0.03,0.03,NA,1,18000,18000,400,400,"Lake Windermere, South Basin","UK - England","Europe",-2.91666666666667,54.3333333333333,4,3,"Cells","None","Cell concentration (cell m^-1).",1,0.429257648149097
5037,760,78,41,374,"Falco sparverius","American hawk",3,"annual",48,46,16,3,17,0.369565217391304,2,0.0416666666666666,"Chordata","Aves","Falconiformes","Falconidae","Falco ","Aves","Species",116,270,18,120,5,5,32,4.8,0.666666666666667,0.1,"Central Illinois","USA","North America",-89,40,2,1,"All Individuals","None","None",3,0.0438172836339085
5039,186,78,41,374,"Buteo jamaicensis","Red-tailed hawk",3,"annual",50,49,27,1,5,0.102040816326531,1,0.02,"Chordata","Aves","Falconiformes","Accipitridae","Buteo ","Aves","Species",1362,550,24,192,3,5,25,3.125,0.5,0.0625,"Central Illinois","USA","North America",-89,40,2,1,"All Individuals","None","None",3,0.0738224592796032
6633,11116,423,81,10525,"Rissa tridactyla","Kittiwake",4,"annual",36,36,33,0,0,0,0,0,"Chordata","Aves","Charadriiformes","Stercorariidae","Rissa ","Aves","Species",407,390,12,240,2,5,36,1.8,1,0.05,"North Shields","UK - England","Europe",-1.6,54.8166666666667,4,2,"Breeding individuals","None","None",1,0.560831580635385
6635,30,431,13,10534,"Somateria mollissima","Common eider",3,"monthly",121,110,46,0,0,0,11,0.0909090909090909,"Chordata","Aves","Anseriformes","Anatidae","Somateria ","Aves","Species",2067,605,12,180,5,4,10.0833333333333,0.672222222222222,0.0833333333333333,0.00555555555555556,"Ythan Valley","UK - Scotland","Europe",-2.33333333333333,57.5,4,1,"All Individuals","None","Monthy counts.",1,0.0403101897810089
5040,761,78,41,374,"Circus cyaneus","Marsh hawk or Hen harrier",3,"annual",51,50,19,7,25,0.5,1,0.0196078431372549,"Chordata","Aves","Falconiformes","Accipitridae","Circus ","Aves","Species",435,500,24,144,3,5,25.5,4.25,0.5,0.0833333333333333,"Central Illinois","USA","North America",-89,40,2,1,"All Individuals","None","None",3,0.152923488225813
5043,762,78,41,374,"Buteo lineatus","Red-shouldered hawk or Buzzard",3,"annual",49,46,12,11,27,0.58695652173913,3,0.0612244897959183,"Chordata","Aves","Falconiformes","Accipitridae","Buteo ","Aves","Species",559,420,24,144,3,5,24.5,4.08333333333333,0.5,0.0833333333333333,"Central Illinois","USA","North America",-89,40,2,1,"All Individuals","None","None",3,0.0223527062660985
5044,763,78,41,374,"Buteo lagopus","Rough-legged hawk (buzzard)",3,"annual",49,48,21,7,15,0.3125,1,0.0204081632653061,"Chordata","Aves","Falconiformes","Accipitridae","Buteo ","Aves","Species",956,560,24,216,5,5,24.5,2.72222222222222,0.5,0.0555555555555556,"Central Illinois","USA","North America",-89,40,2,1,"All Individuals","None","None",3,0.19166221518657
6104,10666,304,280,1024,"Chaetoceras ","Diatom",4,"monthly",168,168,168,0,0,0,0,0,"Chromophyta (Heterokontophyta)","Bacillariophyceae","Centrales","Unknown","Chaetoceras ","Bacillariophyceae","Genus",2.674e-08,0.0371,0.02449,0.02449,NA,1,6859.94283380972,6859.94283380972,40.8329930583912,40.8329930583912,"Port Erin Bay","UK - England","Europe",-4.75,54.0666666666667,4,2,"All Individuals","None","Two hauls made every week. The results were summed for each month and the totals divided by the number of hauls per month, thus the data represents the average number of individual organisms, per month present in the results of a haul.",1,0.0195381557511266
6105,10667,304,280,1024,"Chaetoceras decipiens","Diatom",4,"monthly",168,168,162,1,4,0.0238095238095238,0,0,"Chromophyta (Heterokontophyta)","Bacillariophyceae","Centrales","Unknown","Chaetoceras ","Bacillariophyceae","Species",2.631e-08,0.0369,0.03097,0.03097,NA,1,5424.60445592509,5424.60445592509,32.2893122376493,32.2893122376493,"Port Erin Bay","UK - England","Europe",-4.75,54.0666666666667,4,2,"All Individuals","None","Two hauls made every week. The results were summed for each month and the totals divided by the number of hauls per month, thus the data represents the average number of individual organisms, per month present in the results of a haul.",2,0.0377222711013115
6106,10668,304,280,1024,"Chaetoceras debile","Diatom",4,"monthly",168,168,150,2,17,0.101190476190476,0,0,"Chromophyta (Heterokontophyta)","Bacillariophyceae","Centrales","Unknown","Chaetoceras ","Bacillariophyceae","Species",1.56e-08,0.031,0.0203,0.0203,NA,1,8275.86206896552,8275.86206896552,49.2610837438424,49.2610837438424,"Port Erin Bay","UK - England","Europe",-4.75,54.0666666666667,4,2,"All Individuals","None","Two hauls made every week. The results were summed for each month and the totals divided by the number of hauls per month, thus the data represents the average number of individual organisms, per month present in the results of a haul.",2,0.0228003178721702
6107,10669,304,280,1024,"Chaetoceras teres","Diatom",4,"monthly",168,168,133,4,36,0.214285714285714,0,0,"Chromophyta (Heterokontophyta)","Bacillariophyceae","Centrales","Unknown","Chaetoceras ","Bacillariophyceae","Species",4.28e-08,0.0434,0.0222,0.0222,NA,1,7567.56756756757,7567.56756756757,45.045045045045,45.045045045045,"Port Erin Bay","UK - England","Europe",-4.75,54.0666666666667,4,2,"All Individuals","None","Two hauls made every week. The results were summed for each month and the totals divided by the number of hauls per month, thus the data represents the average number of individual organisms, per month present in the results of a haul.",2,0.00211588551166477
6109,10671,304,280,1024,"Rhizosolenia ","Diatom",4,"monthly",168,168,141,3,19,0.113095238095238,0,0,"Chromophyta (Heterokontophyta)","Bacillariophyceae","Centrales","Rhizosoleniaceae","Rhizosolenia ","Bacillariophyceae","Genus",8.181e-09,0.025,0.0255,0.0255,NA,1,6588.23529411765,6588.23529411765,39.2156862745098,39.2156862745098,"Port Erin Bay","UK - England","Europe",-4.75,54.0666666666667,4,2,"All Individuals","None","Two hauls made every week. The results were summed for each month and the totals divided by the number of hauls per month, thus the data represents the average number of individual organisms, per month present in the results of a haul.",2,0.000274963123787104
6110,10672,304,280,1024,"Rhizosolenia semispina","Diatom",4,"monthly",168,168,89,8,72,0.428571428571429,0,0,"Chromophyta (Heterokontophyta)","Bacillariophyceae","Centrales","Rhizosoleniaceae","Rhizosolenia ","Bacillariophyceae","Species",8.181e-09,0.025,0.025,0.025,NA,1,6720,6720,40,40,"Port Erin Bay","UK - England","Europe",-4.75,54.0666666666667,4,2,"All Individuals","None","Two hauls made every week. The results were summed for each month and the totals divided by the number of hauls per month, thus the data represents the average number of individual organisms, per month present in the results of a haul.",2,0.0251962379040148
6111,10673,304,280,1024,"Rhizosolenia shrubsolei","Diatom",4,"monthly",168,168,126,5,36,0.214285714285714,0,0,"Chromophyta (Heterokontophyta)","Bacillariophyceae","Centrales","Rhizosoleniaceae","Rhizosolenia ","Bacillariophyceae","Species",9.508e-10,0.0122,0.0278,0.0278,NA,1,6043.1654676259,6043.1654676259,35.9712230215827,35.9712230215827,"Port Erin Bay","UK - England","Europe",-4.75,54.0666666666667,4,2,"All Individuals","None","Two hauls made every week. The results were summed for each month and the totals divided by the number of hauls per month, thus the data represents the average number of individual organisms, per month present in the results of a haul.",2,0.0017057076704666
6112,10674,304,280,1024,"Rhizosolenia stolterfothii","Diatom",4,"monthly",168,168,77,8,89,0.529761904761905,0,0,"Chromophyta (Heterokontophyta)","Bacillariophyceae","Centrales","Rhizosoleniaceae","Rhizosolenia ","Bacillariophyceae","Species",2.85e-08,0.0379,0.02375,0.02375,NA,1,7073.68421052632,7073.68421052632,42.1052631578947,42.1052631578947,"Port Erin Bay","UK - England","Europe",-4.75,54.0666666666667,4,2,"All Individuals","None","Two hauls made every week. The results were summed for each month and the totals divided by the number of hauls per month, thus the data represents the average number of individual organisms, per month present in the results of a haul.",2,1.21734556117154e-06
6114,10676,304,280,1024,"Coscinodiscus ","Diatom",4,"monthly",168,168,157,2,9,0.0535714285714286,0,0,"Chromophyta (Heterokontophyta)","Bacillariophyceae","Centrales","Unknown","Coscinodiscus ","Bacillariophyceae","Genus",3.353e-06,0.1857,0.04019,0.04019,NA,1,4180.1443145061,4180.1443145061,24.8818113958696,24.8818113958696,"Port Erin Bay","UK - England","Europe",-4.75,54.0666666666667,4,2,"All Individuals","None","Two hauls made every week. The results were summed for each month and the totals divided by the number of hauls per month, thus the data represents the average number of individual organisms, per month present in the results of a haul.",2,0.0468304556237681
6115,10677,304,280,1024,"Coscinodiscus concinnus","Diatom",4,"monthly",168,168,144,4,21,0.125,0,0,"Chromophyta (Heterokontophyta)","Bacillariophyceae","Centrales","Unknown","Coscinodiscus ","Bacillariophyceae","Species",1.968e-05,0.335,0.04417,0.04417,NA,1,3803.48652931854,3803.48652931854,22.6398007697532,22.6398007697532,"Port Erin Bay","UK - England","Europe",-4.75,54.0666666666667,4,2,"All Individuals","None","Two hauls made every week. The results were summed for each month and the totals divided by the number of hauls per month, thus the data represents the average number of individual organisms, per month present in the results of a haul.",2,0.0307687063488427
6116,10678,304,280,1024,"Coscinodiscus radiatus","Diatom",4,"monthly",168,168,143,5,21,0.125,0,0,"Chromophyta (Heterokontophyta)","Bacillariophyceae","Centrales","Unknown","Coscinodiscus ","Bacillariophyceae","Species",1.796e-07,0.07,0.0375,0.0375,NA,1,4480,4480,26.6666666666667,26.6666666666667,"Port Erin Bay","UK - England","Europe",-4.75,54.0666666666667,4,2,"All Individuals","None","Two hauls made every week. The results were summed for each month and the totals divided by the number of hauls per month, thus the data represents the average number of individual organisms, per month present in the results of a haul.",2,0.0847210135774872
6117,10679,304,280,1024,"Coscinodiscus grani","Diatom",4,"monthly",168,168,109,8,59,0.351190476190476,0,0,"Chromophyta (Heterokontophyta)","Bacillariophyceae","Centrales","Unknown","Coscinodiscus ","Bacillariophyceae","Species",1.839e-06,0.152,0.0389,0.0389,NA,1,4318.76606683805,4318.76606683805,25.706940874036,25.706940874036,"Port Erin Bay","UK - England","Europe",-4.75,54.0666666666667,4,2,"All Individuals","None","Two hauls made every week. The results were summed for each month and the totals divided by the number of hauls per month, thus the data represents the average number of individual organisms, per month present in the results of a haul.",2,0.0706652385557651
6118,10680,304,280,1024,"Biddulphia ","Diatom",4,"monthly",168,168,153,3,13,0.0773809523809524,0,0,"Chromophyta (Heterokontophyta)","Bacillariophyceae","Pennales","Biddulphiaceae","Biddulphia ","Bacillariophyceae","Genus",6.969e-07,0.11,0.041,0.041,NA,1,4097.56097560976,4097.56097560976,24.390243902439,24.390243902439,"Port Erin Bay","UK - England","Europe",-4.75,54.0666666666667,4,2,"All Individuals","None","Two hauls made every week. The results were summed for each month and the totals divided by the number of hauls per month, thus the data represents the average number of individual organisms, per month present in the results of a haul.",2,0.0133886084344269
6119,10681,304,280,1024,"Biddulphia mobiliensis","Diatom",4,"monthly",168,168,154,3,13,0.0773809523809524,0,0,"Chromophyta (Heterokontophyta)","Bacillariophyceae","Pennales","Biddulphiaceae","Biddulphia ","Bacillariophyceae","Species",5.236e-07,0.1,0.034,0.034,NA,1,4941.17647058824,4941.17647058824,29.4117647058824,29.4117647058824,"Port Erin Bay","UK - England","Europe",-4.75,54.0666666666667,4,2,"All Individuals","None","Two hauls made every week. The results were summed for each month and the totals divided by the number of hauls per month, thus the data represents the average number of individual organisms, per month present in the results of a haul.",2,0.0138078505151785
6120,10682,304,280,1024,"Biddulphia sinensis","Diatom",4,"monthly",134,134,91,9,42,0.313432835820896,0,0,"Chromophyta (Heterokontophyta)","Bacillariophyceae","Pennales","Biddulphiaceae","Biddulphia ","Bacillariophyceae","Species",1.073e-06,0.127,0.04806,0.04806,NA,1,2788.18143986683,2788.18143986683,20.8073241781107,20.8073241781107,"Port Erin Bay","UK - England","Europe",-4.75,54.0666666666667,4,2,"All Individuals","None","Two hauls made every week. The results were summed for each month and the totals divided by the number of hauls per month, thus the data represents the average number of individual organisms, per month present in the results of a haul.",2,0.0487033487713523
6121,10683,304,280,1024,"Guinardia flaccida","Diatom",4,"monthly",168,168,148,3,12,0.0714285714285714,0,0,"Chromophyta (Heterokontophyta)","Bacillariophyceae","Pennales","Unknown","Guinardia ","Bacillariophyceae","Species",6.824e-08,0.0507,0.034861111,0.034861111,NA,1,4819.12352133585,4819.12352133585,28.6852590555705,28.6852590555705,"Port Erin Bay","UK - England","Europe",-4.75,54.0666666666667,4,2,"All Individuals","None","Two hauls made every week. The results were summed for each month and the totals divided by the number of hauls per month, thus the data represents the average number of individual organisms, per month present in the results of a haul.",2,0.137524637550051
6122,10684,304,280,1024,"Lauderia borealis","Diatom",4,"monthly",168,168,97,10,60,0.357142857142857,0,0,"Chromophyta (Heterokontophyta)","Bacillariophyceae","Pennales","Unknown","Lauderia ","Bacillariophyceae","Species",2.245e-08,0.035,0.013472222,0.013472222,NA,1,12470.1032984759,12470.1032984759,74.226805348071,74.226805348071,"Port Erin Bay","UK - England","Europe",-4.75,54.0666666666667,4,2,"All Individuals","None","Two hauls made every week. The results were summed for each month and the totals divided by the number of hauls per month, thus the data represents the average number of individual organisms, per month present in the results of a haul.",2,0.00516217312454691
6125,10687,304,280,1024,"Ceratium tripos","Dinoflagellate",4,"monthly",168,168,167,1,1,0.00595238095238095,0,0,"Dinophyta (Pyrrophyta)","Dinophyceae","Peridiniales","Ceratiaceae","Ceratium ","Other","Species",5e-07,0.25,0.14,0.14,NA,NA,1200,1200,7.14285714285714,7.14285714285714,"Port Erin Bay","UK - England","Europe",-4.75,54.0666666666667,4,2,"All Individuals","None","Two hauls made every week. The results were summed for each month and the totals divided by the number of hauls per month, thus the data represents the average number of individual organisms, per month present in the results of a haul.",2,0.274523843670895
6126,10688,304,280,1024,"Peridinium ","Dinoflagellate",4,"monthly",168,168,119,3,27,0.160714285714286,0,0,"Dinophyta (Pyrrophyta)","Dinophyceae","Peridiniales","Ceratiaceae","Peridinium ","Other","Genus",NA,NA,NA,NA,NA,NA,NA,NA,NA,NA,"Port Erin Bay","UK - England","Europe",-4.75,54.0666666666667,4,2,"All Individuals","None","Two hauls made every week. The results were summed for each month and the totals divided by the number of hauls per month, thus the data represents the average number of individual organisms, per month present in the results of a haul.",2,0.0154999905072411
6127,10689,304,280,1024,"Noctiluca miliaris","Dinoflagellate",4,"monthly",156,156,98,6,45,0.288461538461538,0,0,"Dinophyta (Pyrrophyta)","Dinophyceae","Peridiniales","Ceratiaceae","Noctiluca ","Other","Species",6.5e-05,0.5,0.167,0.167,NA,2,934.131736526946,934.131736526946,5.98802395209581,5.98802395209581,"Port Erin Bay","UK - England","Europe",-4.75,54.0666666666667,4,2,"All Individuals","None","Two hauls made every week. The results were summed for each month and the totals divided by the number of hauls per month, thus the data represents the average number of individual organisms, per month present in the results of a haul.",2,0.000759333125833643
6128,10690,304,280,1024,"Medusoid gonophores","Medusoid gonophore",4,"monthly",168,167,81,1,1,0.00598802395209581,1,0.00595238095238093,"Cnidaria (Coelenterata)","Scyphozoa","Unknown","Unknown","Unknown","Other","Class",NA,NA,NA,NA,NA,NA,NA,NA,NA,NA,"Port Erin Bay","UK - England","Europe",-4.75,54.0666666666667,4,2,"All Individuals","None","Two hauls made every week. The results were summed for each month and the totals divided by the number of hauls per month, thus the data represents the average number of individual organisms, per month present in the results of a haul.",2,0.0308752501803557
6129,10691,304,280,1024,"Sagitta bipunctata","Arrowworm",4,"monthly",168,168,87,1,1,0.00595238095238095,0,0,"Chaetognatha","Unknown","Aphragmophora","Sagittidae","Sagitta ","Other","Species",0.012,19,1,1,NA,3,168,168,1,1,"Port Erin Bay","UK - England","Europe",-4.75,54.0666666666667,4,2,"All Individuals","None","Two hauls made every week. The results were summed for each month and the totals divided by the number of hauls per month, thus the data represents the average number of individual organisms, per month present in the results of a haul.",2,0.00679790208875348
6130,10692,304,280,1024,"Calanus finmarchicus","Planktonic shellfish",4,"monthly",168,168,98,2,10,0.0595238095238095,0,0,"Arthropoda","Crustacea","Calanoida","Unknown","Calanus ","Other","Species",0.002,4,1,1,NA,2,168,168,1,1,"Port Erin Bay","UK - England","Europe",-4.75,54.0666666666667,4,2,"All Individuals","None","Two hauls made every week. The results were summed for each month and the totals divided by the number of hauls per month, thus the data represents the average number of individual organisms, per month present in the results of a haul.",2,0.0111739325111656
6131,10693,304,280,1024,"Paracalanus parvus","Marine calanoid copepod",4,"monthly",168,168,139,2,14,0.0833333333333333,0,0,"Arthropoda","Crustacea","Calanoida","Unknown","Paracalanus ","Other","Species",9.36e-05,1.3,0.62,0.62,NA,2,270.967741935484,270.967741935484,1.61290322580645,1.61290322580645,"Port Erin Bay","UK - England","Europe",-4.75,54.0666666666667,4,2,"All Individuals","None","Two hauls made every week. The results were summed for each month and the totals divided by the number of hauls per month, thus the data represents the average number of individual organisms, per month present in the results of a haul.",2,0.0313146547643542
6132,10694,304,280,1024,"Pseudocalanus elongatus","Zooplankton",4,"monthly",168,168,167,0,0,0,0,0,"Arthropoda","Crustacea","Unknown","Unknown","Pseudocalanus ","Other","Species",0.00017,1.7,0.753,0.753,NA,2,223.107569721116,223.107569721116,1.32802124833997,1.32802124833997,"Port Erin Bay","UK - England","Europe",-4.75,54.0666666666667,4,2,"All Individuals","None","Two hauls made every week. The results were summed for each month and the totals divided by the number of hauls per month, thus the data represents the average number of individual organisms, per month present in the results of a haul.",1,0.101569779387073
6133,10695,304,280,1024,"Centropages hamatus","Zooplankton",4,"monthly",168,168,76,4,46,0.273809523809524,0,0,"Arthropoda","Crustacea","Calanoida","Unknown","Centropages ","Other","Species",7.7e-05,1.4,0.6,0.6,NA,2,280,280,1.66666666666667,1.66666666666667,"Port Erin Bay","UK - England","Europe",-4.75,54.0666666666667,4,2,"All Individuals","None","Two hauls made every week. The results were summed for each month and the totals divided by the number of hauls per month, thus the data represents the average number of individual organisms, per month present in the results of a haul.",2,0.0234423111450047
6134,10696,304,280,1024,"Oithona similis","Unknown",4,"monthly",168,168,168,0,0,0,0,0,"Arthropoda","Crustacea","Cyclopoida?","Unknown","Oithona ","Other","Species",2.4e-05,1.2,1.05,1.05,NA,2,160,160,0.952380952380952,0.952380952380952,"Port Erin Bay","UK - England","Europe",-4.75,54.0666666666667,4,2,"All Individuals","None","Two hauls made every week. The results were summed for each month and the totals divided by the number of hauls per month, thus the data represents the average number of individual organisms, per month present in the results of a haul.",1,0.0782052116998826
6135,10697,304,280,1024,"Acartia clausi","Copepod",4,"monthly",168,168,158,0,0,0,0,0,"Arthropoda","Crustacea","Calanoida","Unknown","Acartia ","Other","Species",2.4e-05,1.4,0.6333,0.6333,NA,2,265.277119848413,265.277119848413,1.57903047528817,1.57903047528817,"Port Erin Bay","UK - England","Europe",-4.75,54.0666666666667,4,2,"All Individuals","None","Two hauls made every week. The results were summed for each month and the totals divided by the number of hauls per month, thus the data represents the average number of individual organisms, per month present in the results of a haul.",1,0.0364968399718587
6136,10698,304,280,1024,"Temora longicornis","Marine calanoid copepod",4,"monthly",168,168,120,3,18,0.107142857142857,0,0,"Arthropoda","Crustacea","Calanoida","Unknown","Temora ","Other","Species",0.00012,1.5,0.687,0.687,NA,2,244.541484716157,244.541484716157,1.45560407569141,1.45560407569141,"Port Erin Bay","UK - England","Europe",-4.75,54.0666666666667,4,2,"All Individuals","None","Two hauls made every week. The results were summed for each month and the totals divided by the number of hauls per month, thus the data represents the average number of individual organisms, per month present in the results of a haul.",2,0.0070822592967927
6138,10700,304,280,1024,"Echinoderm plutei","Sea urchin or Starfish larvae",4,"monthly",168,168,107,5,51,0.303571428571429,0,0,"Echinodermata","Echinoidea","Echinida","Echinometridae","Echinoderm ","Other","Species",NA,NA,NA,NA,NA,NA,NA,NA,NA,NA,"Port Erin Bay","UK - England","Europe",-4.75,54.0666666666667,4,2,"All Individuals","None","Two hauls made every week. The results were summed for each month and the totals divided by the number of hauls per month, thus the data represents the average number of individual organisms, per month present in the results of a haul.",2,0.0212769826604469
6139,10701,304,280,1024,"Polychaete larvae","Polychaete larvae",4,"monthly",168,168,158,2,2,0.0119047619047619,0,0,"Annelida","Polychaeta","Unknown","Unknown","Unknown","Other","Class",NA,NA,NA,NA,NA,NA,NA,NA,NA,NA,"Port Erin Bay","UK - England","Europe",-4.75,54.0666666666667,4,2,"All Individuals","None","Two hauls made every week. The results were summed for each month and the totals divided by the number of hauls per month, thus the data represents the average number of individual organisms, per month present in the results of a haul.",2,0.0997206504786059
6140,10702,304,280,1024,"Lamellibranch larvae","Lamellibranch larvae",4,"monthly",168,168,159,1,2,0.0119047619047619,0,0,"Mollusca","Bivalvia","Unknown","Unknown","Unknown","Other","Subclass",NA,NA,NA,NA,NA,2,NA,NA,NA,NA,"Port Erin Bay","UK - England","Europe",-4.75,54.0666666666667,4,2,"All Individuals","None","Two hauls made every week. The results were summed for each month and the totals divided by the number of hauls per month, thus the data represents the average number of individual organisms, per month present in the results of a haul.",2,0.126733872015986
6141,10703,304,280,1024,"Gastropod larvae","Snail larvae",4,"monthly",168,168,151,1,4,0.0238095238095238,0,0,"Mollusca","Gastropoda","Unknown","Unknown","Unknown","Other","Class",NA,NA,NA,NA,NA,NA,NA,NA,NA,NA,"Port Erin Bay","UK - England","Europe",-4.75,54.0666666666667,4,2,"All Individuals","None","Two hauls made every week. The results were summed for each month and the totals divided by the number of hauls per month, thus the data represents the average number of individual organisms, per month present in the results of a haul.",2,0.103225235058899
6524,11093,406,106,10502,"Microtus californicus","California vole",3,"bimonthly",126,126,47,3,6,0.0476190476190476,0,0,"Chordata","Mammalia","Rodentia","Muridae","Microtus ","Mammalia","Species",56,172,2,18,18,3,126,14,1,0.111111111111111,"Vasser, Hopland Field Station, Northern California","USA","North America",-123.333333333333,39,5,3,"All Individuals","None","Bimonthly trapping.",2,0.0134998027376051
6525,11093,406,106,10501,"Microtus californicus","California vole",3,"bimonthly",126,126,45,3,5,0.0396825396825397,0,0,"Chordata","Mammalia","Rodentia","Muridae","Microtus ","Mammalia","Species",56,172,2,18,18,3,126,14,1,0.111111111111111,"Neiderost, Hopland Field Station, Northern California","USA","North America",-123.333333333333,39,5,2,"All Individuals","None","Bimonthly trapping.",2,0.0171268921248568
6528,11094,409,11,10505,"Phalacrocorax aristotelis","Shag",4,"annual",48,40,34,0,0,0,8,0.166666666666667,"Chordata","Aves","Pelecaniformes","Phalacrocoracidae","Phalacrocorax ","Aves","Species",1769,715,12,180,3,5,48,3.2,1,0.0666666666666667,"Farne Islands, Northumberland","UK - England","Europe",-1.58333333333333,55.6666666666667,5,2,"Nests","None","None",1,0.810205817309096
6529,11095,410,107,10506,"Milvus milvus","Red kite",3,"annual",30,30,21,0,0,0,0,0,"Chordata","Aves","Falconiformes","Accipitridae","Milvus ","Aves","Species",1080,635,12,264,2,5,30,1.36363636363636,1,0.0454545454545455,"Central Wales","UK - Wales","Europe",-3.75,52.5,3,1,"All Individuals","None","Almost all breeding of red kites throughout this century has been confined to an area of 70*45km in mid-Wales.",1,0.907876620273161
6530,208,411,108,153,"Parus caeruleus","Blue tit",4,"annual",37,37,26,0,0,0,0,0,"Chordata","Aves","Passeriformes","Paridae","Parus ","Aves","Species",13.3,115,10,60,12,4,44.4,7.4,1.2,0.2,"Marley Wood, Wytham Wood","UK - England","Europe",1.08333333333333,51.6333333333333,5,3,"Breeding pairs","None","Contains data for 1947 to 1957 from Source ID 505.",1,0.562955941128146
6768,11173,451,283,10551,"Blissus leucopterus","Chinch bug",3,"annual",121,121,15,6,28,0.231404958677686,0,0,"Arthropoda","Insecta","Hemiptera","Lygaeidae","Blissus ","Insecta","Species",0.002,3.5,1,3,50,3,1452,484,12,4,"Illinois State","USA","North America",-89.4166666666667,39.5,3,1,"Host plant damaged","None","None",2,0.100919116589196
6789,93,14,13,83,"Alosa fallax","Twaite shad",5,"monthly",197,197,16,17,116,0.588832487309645,0,0,"Chordata","Osteichthyes","Clupeiformes","Clupeidae","Alosa ","Osteichthyes","Species",500,450,36,300,10000,5,5.47222222222222,0.656666666666667,0.0277777777777778,0.00333333333333333,"Hinkley Point","UK - England","Europe",-4.05,51.25,5,3,"All Individuals","None","None",2,0.0211160018176237
6791,94,14,13,83,"Anguilla anguilla","Common eel",5,"monthly",197,197,12,7,111,0.563451776649746,0,0,"Chordata","Osteichthyes","Anguilliformes","Anguillidae","Anguilla ","Osteichthyes","Species",2750,1050,180,300,1450000,5,1.09444444444444,0.656666666666667,0.00555555555555556,0.00333333333333333,"Hinkley Point","UK - England","Europe",-4.05,51.25,5,3,"All Individuals","None","None",2,0.0580233790724371
6798,97,14,13,83,"Ciliata mustela","5-bearded rockling",5,"monthly",197,197,16,18,97,0.49238578680203,0,0,"Chordata","Osteichthyes","Gadiformes","Gadidae","Ciliata ","Osteichthyes","Species",50,200,12,36,9000,4,16.4166666666667,5.47222222222222,0.0833333333333333,0.0277777777777778,"Hinkley Point","UK - England","Europe",-4.05,51.25,5,3,"All Individuals","None","None",2,0.0352453743915112
6801,99,14,13,83,"Conger conger","Conger",5,"monthly",197,197,7,21,114,0.578680203045685,0,0,"Chordata","Osteichthyes","Anguilliformes","Congridae","Conger ","Osteichthyes","Species",13176,2000,60,120,3e+06,5,3.28333333333333,1.64166666666667,0.0166666666666667,0.00833333333333333,"Hinkley Point","UK - England","Europe",-4.05,51.25,5,3,"All Individuals","None","None",2,0.013657224512974
6807,101,14,13,83,"Dicentrarchus labrax","Bass",5,"monthly",197,197,26,8,77,0.390862944162437,0,0,"Chordata","Osteichthyes","Perciformes","Serranidae","Dicentrarchus ","Osteichthyes","Species",7500,1000,40,180,230000,5,4.925,1.09444444444444,0.025,0.00555555555555556,"Hinkley Point","UK - England","Europe",-4.05,51.25,5,3,"All Individuals","None","None",2,0.0350949084490227
6820,105,14,13,83,"Limanda limanda","Dab",5,"monthly",197,197,33,9,111,0.563451776649746,0,0,"Chordata","Osteichthyes","Pleuronectiformes","Hippoglossidae","Limanda ","Osteichthyes","Species",750,300,60,144,80000,5,3.28333333333333,1.36805555555556,0.0166666666666667,0.00694444444444444,"Hinkley Point","UK - England","Europe",-4.05,51.25,5,3,"All Individuals","None","None",2,0.00354924403377534
6821,106,14,13,83,"Liparis liparis","Common sea snail",5,"monthly",197,197,43,9,113,0.573604060913706,0,0,"Chordata","Osteichthyes","Perciformes","Liparidae","Liparis ","Osteichthyes","Species",200,140,36,120,NA,5,5.47222222222222,1.64166666666667,0.0277777777777778,0.00833333333333333,"Hinkley Point","UK - England","Europe",-4.05,51.25,5,3,"All Individuals","None","None",2,0.0152575673833035
6822,107,14,13,83,"Liza ramada","Thinlipped grey mullet",5,"monthly",197,197,24,10,112,0.568527918781726,0,0,"Chordata","Osteichthyes","Perciformes","Mugilidae","Liza ","Osteichthyes","Species",1200,450,48,84,NA,5,4.10416666666667,2.3452380952381,0.0208333333333333,0.0119047619047619,"Hinkley Point","UK - England","Europe",-4.05,51.25,5,3,"All Individuals","None","None",2,0.0275904198254142
6825,108,14,13,83,"Merlangius merlangus","Whiting",5,"monthly",197,197,116,4,13,0.065989847715736,0,0,"Chordata","Osteichthyes","Gadiformes","Gadidae","Merlangius ","Osteichthyes","Species",500,350,36,240,4e+05,5,5.47222222222222,0.820833333333333,0.0277777777777778,0.00416666666666667,"Hinkley Point","UK - England","Europe",-4.05,51.25,5,3,"All Individuals","None","None",2,0.0793963217634492
6832,110,14,13,83,"Platichthys flesus","Flounder",5,"monthly",197,197,31,4,44,0.223350253807107,0,0,"Chordata","Osteichthyes","Pleuronectiformes","Hippoglossidae","Platichthys ","Osteichthyes","Species",750,350,36,180,1e+06,5,5.47222222222222,1.09444444444444,0.0277777777777778,0.00555555555555556,"Hinkley Point","UK - England","Europe",-4.05,51.25,5,3,"All Individuals","None","None",2,0.0320812977224334
6837,113,14,13,83,"Pomatoschistus minutus","Sand goby",5,"monthly",197,197,53,4,29,0.147208121827411,0,0,"Chordata","Osteichthyes","Perciformes","Gobiidae","Pomatoschistus ","Osteichthyes","Species",40,70,10,36,2000,5,19.7,5.47222222222222,0.1,0.0277777777777778,"Hinkley Point","UK - England","Europe",-4.05,51.25,5,3,"All Individuals","None","None",2,0.00273292850680604
6848,11103,14,13,83,"Solea solea","Sole",5,"monthly",197,197,38,6,35,0.177664974619289,0,0,"Chordata","Osteichthyes","Pleuronectiformes","Soleidae","Solea ","Osteichthyes","Species",300,350,22,240,2e+05,5,8.95454545454546,0.820833333333333,0.0454545454545455,0.00416666666666667,"Hinkley Point","UK - England","Europe",-4.05,51.25,5,3,"All Individuals","None","None",2,0.0704763130597644
6851,116,14,13,83,"Sprattus sprattus","Sprat",5,"monthly",197,197,79,4,31,0.157360406091371,0,0,"Chordata","Osteichthyes","Clupeiformes","Clupeidae","Sprattus ","Osteichthyes","Species",15,120,14,72,10000,5,14.0714285714286,2.73611111111111,0.0714285714285714,0.0138888888888889,"Hinkley Point","UK - England","Europe",-4.05,51.25,5,3,"All Individuals","None","None",2,0.0329872641844287
6859,118,14,13,83,"Trisopterus luscus","Pout",5,"monthly",197,197,38,8,62,0.314720812182741,0,0,"Chordata","Osteichthyes","Gadiformes","Gadidae","Trisopterus ","Osteichthyes","Species",400,300,14,60,4e+05,5,14.0714285714286,3.28333333333333,0.0714285714285714,0.0166666666666667,"Hinkley Point","UK - England","Europe",-4.05,51.25,5,3,"All Individuals","None","None",2,0.0108299275878646
6860,119,14,13,83,"Trisopterus minutus","Poor-cod",5,"monthly",197,197,53,5,44,0.223350253807107,0,0,"Chordata","Osteichthyes","Gadiformes","Gadidae","Trisopterus ","Osteichthyes","Species",100,200,48,120,20000,5,4.10416666666667,1.64166666666667,0.0208333333333333,0.00833333333333333,"Hinkley Point","UK - England","Europe",-4.05,51.25,5,3,"All Individuals","None","None",2,0.045362740519565
7065,11323,477,297,10615,"Thrips imaginis","Apple blossom thrip",4,"monthly",81,81,72,0,0,0,0,0,"Arthropoda","Insecta","Thysanoptera","Thripidae","Thrips ","Insecta","Species",1e-04,1,0.5,2.1,300,3,162,38.5714285714286,2,0.476190476190476,"Waite Institute Garden, University of Adelaide","Australia","Australia",138.583333333333,-34.5,5,1,"All Individuals","None","Usually for about 8 months (Oct-May), ""Cecil Brunner"" roses were used. The remainder of the year ""Monthly Rose"" was used. The number of Thrips on 20 roses at a uniform stage of development were counted.",1,0.0368940552106261
9949,399,624,114,10838,"Operophtera brumata","Winter moth",3,"annual",30,30,26,0,0,0,0,0,"Arthropoda","Insecta","Lepidoptera","Geometridae","Operophtera ","Insecta","Species",0.0293,9,8,10,400,3,45,36,1.5,1.2,"Code-BW75, Forest District Bramwald, (Ellershausen)","Germany","Europe",9.67,51.5,2,2,"Females","None","None",1,0.129471673956927
9950,399,624,114,10839,"Operophtera brumata","Winter moth",3,"annual",30,30,26,0,0,0,0,0,"Arthropoda","Insecta","Lepidoptera","Geometridae","Operophtera ","Insecta","Species",0.0293,9,8,10,400,3,45,36,1.5,1.2,"Code-BW1, Forest District Bramwald, (Buhren)","Germany","Europe",9.67,51.48,2,22,"Females","None","None",1,0.0890023637012535
9953,734,626,12,10057,"Lagopus mutus","Rock ptarmigan",3,"annual",76,68,49,1,1,0.0147058823529412,8,0.105263157894737,"Chordata","Aves","Galliformes","Tetraonidae","Lagopus ","Aves","Sub species",422,360,10,84,7,3,91.2,10.8571428571429,1.2,0.142857142857143,"Iceland","Iceland","Europe",-18,65,4,1,"Individuals exported","x 10^n","None",2,0.243661635726414
9955,11093,597,361,10804,"Microtus californicus","California vole",3,"monthly",54,54,44,0,0,0,0,0,"Chordata","Mammalia","Rodentia","Muridae","Microtus ","Mammalia","Species",56,172,2,18,18,3,27,3,0.5,0.0555555555555556,"Brooks Island, San Francisco Bay","USA","North America",-122.333333333333,37.9166666666667,4,3,"All Individuals","None","None",1,0.213818370656181
9191,11356,501,312,10649,"Panaxia dominula-dominula","Scarlet tiger moth",4,"annual",50,41,40,0,0,0,9,0.18,"Arthropoda","Insecta","Lepidoptera","Arctiidae","Panaxia ","Insecta","Sub species",0.3,20,8,11,750,3,75,54.5454545454545,1.5,1.09090909090909,"Cothill","UK - England","Europe",-1.31666666666667,51.75,4,3,"Individuals caught","None","None",1,0.11791564630948
9192,11357,501,312,10649,"Panaxia dominula-medionigra","Scarlet tiger moth",4,"annual",50,41,27,2,4,0.0975609756097561,9,0.18,"Arthropoda","Insecta","Lepidoptera","Arctiidae","Panaxia ","Insecta","Sub species",0.3,20,8,11,750,3,75,54.5454545454545,1.5,1.09090909090909,"Cothill","UK - England","Europe",-1.31666666666667,51.75,4,3,"Individuals caught","None","None",2,0.412764157843531
9194,74,503,314,10650,"Alopex lagopus","Arctic fox",2,"annual",30,30,25,0,0,0,0,0,"Chordata","Mammalia","Carnivora","Canidae","Alopex ","Mammalia","Species",5000,873,10,48,9,5,36,7.5,1.2,0.25,"S. (Sudur) Mulasysla and E. (Austur) Skaftafellssysla","Iceland","Europe",-15,64.5,3,1,"Individuals killed","None","None",1,0.386371135551172
9200,207,505,9,153,"Parus major","Great tit",4,"annual",32,32,23,0,0,0,0,0,"Chordata","Aves","Passeriformes","Paridae","Parus ","Aves","Species",19,130,10,60,10,4,38.4,6.4,1.2,0.2,"Marley Wood, Wytham Wood","UK - England","Europe",1.08333333333333,51.6333333333333,5,3,"Breeding pairs","None","None",1,0.043610021927791
9232,47,518,326,10668,"Bupalus piniaria","Pine looper or Bordered white",3,"annual",37,37,20,0,0,0,0,0,"Arthropoda","Insecta","Lepidoptera","Geometridae","Bupalus ","Insecta","Species",0.0648,15,8,10,550,3,55.5,44.4,1.5,1.2,"Cannock Chase Forest, near Birmingham","UK - England","Europe",-2,52.6666666666667,3,3,"Pupae","None","None",1,0.0638430905531956
9338,1,1,1,1,"Bonasa bonasia","Hazel grouse",4,"annual",30,30,12,3,9,0.3,0,0,"Chordata","Aves","Galliformes","Tetraonidae","Bonasa ","Aves","Species",429,375,10,60,8,3,36,6,1.2,0.2,"Pechoro-Ilych Reserve","Russian Federation","Europe",57,62,3,1,"All Individuals","None","Sink dominated landscape",2,0.00321502280493824
9381,47,550,344,10725,"Bupalus piniaria","Pine looper or Bordered white",3,"annual",37,37,22,0,0,0,0,0,"Arthropoda","Insecta","Lepidoptera","Geometridae","Bupalus ","Insecta","Species",0.0648,15,8,10,550,3,55.5,44.4,1.5,1.2,"Tentsmuir","UK - Scotland","Europe",-2.83333333333333,56.4166666666667,3,3,"Pupae","Log","The Forestry Commission divides each forest into compartments (5-10ha). Within a forest, about one in four compartments are surveyed, between Jan and March. The sampling method changed in 1962.",1,0.0378208561948486
9382,47,550,344,10726,"Bupalus piniaria","Pine looper or Bordered white",3,"annual",37,37,11,0,0,0,0,0,"Arthropoda","Insecta","Lepidoptera","Geometridae","Bupalus ","Insecta","Species",0.0648,15,8,10,550,3,55.5,44.4,1.5,1.2,"Kessock","UK - Scotland","Europe",-4.25,57.5333333333333,3,3,"Pupae","Log","The Forestry Commission divides each forest into compartments (5-10ha). Within a forest, about one in four compartments are surveyed, between Jan and March. The sampling method changed in 1962.",1,0.265914681380851
9391,89,553,348,10729,"Canis lupus","Grey wolf or Timber wolf",4,"annual",48,48,23,3,8,0.166666666666667,0,0,"Chordata","Mammalia","Carnivora","Canidae","Canis ","Mammalia","Species",45000,1535,24,180,6,5,24,3.2,0.5,0.0666666666666667,"Bialowieza Primeval Forest (Exploited forests in the Polish part)","Poland","Europe",24,52.75,3,1,"All Individuals","None","1947-49 and 1951-57 are reconstructed numbers.",2,0.174261262241459
9393,89,553,348,10731,"Canis lupus","Grey wolf or Timber wolf",4,"annual",48,48,23,2,5,0.104166666666667,0,0,"Chordata","Mammalia","Carnivora","Canidae","Canis ","Mammalia","Species",45000,1535,24,180,6,5,24,3.2,0.5,0.0666666666666667,"Bialowieza Primaeval Forest (Belarussian part)","Belarus","Europe",24,52.75,3,1,"All Individuals","None","In Belarussia 16 wolves were shot each year.",2,0.00896203814189898
9404,11931,558,81,10688,"Lynx lynx","Eurasian lynx",2,"annual",68,67,38,6,9,0.134328358208955,1,0.0147058823529411,"Chordata","Mammalia","Carnivora","Felidae","Lynx ","Mammalia","Species",20000,1227,20,204,2,5,40.8,4,0.6,0.0588235294117647,"Finland","Finland","Europe",27,64,3,1,"Individuals killed","None","None",2,0.542396930257729
9469,417,565,12,67,"Bonasa umbellus","Ruffed grouse",2,"annual",40,37,37,0,0,0,3,0.075,"Chordata","Aves","Galliformes","Tetraonidae","Bonasa ","Aves","Species",577,430,10,48,10,4,48,10,1.2,0.25,"Pennsylvania","USA","North America",-78,41,4,1,"Individuals killed","None","None",1,0.526751479905747
9470,417,565,12,37,"Bonasa umbellus","Ruffed grouse",2,"annual",35,33,33,0,0,0,2,0.0571428571428572,"Chordata","Aves","Galliformes","Tetraonidae","Bonasa ","Aves","Species",577,430,10,48,10,4,42,8.75,1.2,0.25,"Connecticut","USA","North America",-73,42,4,1,"Individuals killed","None","None",1,0.0793534088132457
9488,416,565,12,37,"Lepus americanus","Snowshoe hare or American varying hare",2,"annual",33,32,31,0,0,0,1,0.0303030303030303,"Chordata","Mammalia","Lagomorpha","Leporidae","Lepus ","Mammalia","Species",2000,450,12,60,16,3,33,6.6,1,0.2,"Connecticut","USA","North America",-73,42,4,1,"Individuals killed","None","None",1,0.117691125899294
9489,78,565,12,29,"Mustela vison","North American mink",2,"annual",44,44,44,0,0,0,0,0,"Chordata","Mammalia","Carnivora","Mustelidae","Mustela ","Mammalia","Species",1000,560,12,120,5,5,44,4.4,1,0.1,"Saskatchewan","Canada","North America",-104,55,4,1,"Pelts","None","See Main ID 445. Ostensibly same data from different source.",1,0.191457343714361
9490,78,565,12,21,"Mustela vison","North American mink",2,"annual",34,34,34,0,0,0,0,0,"Chordata","Mammalia","Carnivora","Mustelidae","Mustela ","Mammalia","Species",1000,560,12,120,5,5,34,3.4,1,0.1,"Manitoba","Canada","North America",-98,55,4,1,"Pelts","None","See Main ID 437. Ostensibly same data from different source.",1,0.376865598920165
9491,79,565,12,29,"Ondatra zibethicus","Muskrat",2,"annual",44,44,44,0,0,0,0,0,"Chordata","Mammalia","Rodentia","Muridae","Ondatra ","Mammalia","Species",1000,575,12,60,18,4,44,8.8,1,0.2,"Saskatchewan","Canada","North America",-104,55,4,1,"Pelts","None","See Main ID 9220. Ostensibly same data from different source. Note year shift.",1,0.0139264913885493
9492,79,565,12,21,"Ondatra zibethicus","Muskrat",2,"annual",34,34,34,0,0,0,0,0,"Chordata","Mammalia","Rodentia","Muridae","Ondatra ","Mammalia","Species",1000,575,12,60,18,4,34,6.8,1,0.2,"Manitoba","Canada","North America",-98,55,4,1,"Pelts","None","See Main ID 9219. Ostensibly same data from different source.",1,0.686458877123079
9493,405,565,12,20,"Vulpes ","Fox",2,"annual",39,39,39,0,0,0,0,0,"Chordata","Mammalia","Carnivora","Canidae","Vulpes ","Mammalia","Genus",5200,1100,12,144,5,4,39,3.25,1,0.0833333333333333,"British Columbia","Canada","North America",-125,55,4,1,"Pelts","None","None",1,0.280925929413195
9494,405,565,12,19,"Vulpes ","Fox",2,"annual",39,39,39,0,0,0,0,0,"Chordata","Mammalia","Carnivora","Canidae","Vulpes ","Mammalia","Genus",5200,1100,12,144,5,4,39,3.25,1,0.0833333333333333,"Alberta","Canada","North America",-115,55,4,1,"Pelts","None","None",1,0.241428583501046
9495,405,565,12,29,"Vulpes ","Fox",2,"annual",44,44,44,0,0,0,0,0,"Chordata","Mammalia","Carnivora","Canidae","Vulpes ","Mammalia","Genus",5200,1100,12,144,5,4,44,3.66666666666667,1,0.0833333333333333,"Saskatchewan","Canada","North America",-104,55,4,1,"Pelts","None","None",1,0.177781373962695
9496,405,565,12,21,"Vulpes ","Fox",2,"annual",39,39,39,0,0,0,0,0,"Chordata","Mammalia","Carnivora","Canidae","Vulpes ","Mammalia","Genus",5200,1100,12,144,5,4,39,3.25,1,0.0833333333333333,"Manitoba","Canada","North America",-98,55,4,1,"Pelts","None","None",1,0.122695979723434
9497,405,565,12,26,"Vulpes ","Fox",2,"annual",39,39,39,0,0,0,0,0,"Chordata","Mammalia","Carnivora","Canidae","Vulpes ","Mammalia","Genus",5200,1100,12,144,5,4,39,3.25,1,0.0833333333333333,"Ontario","Canada","North America",-88,52,4,1,"Pelts","None","None",1,0.109690427252991
9498,405,565,12,22,"Vulpes ","Fox",2,"annual",34,34,34,0,0,0,0,0,"Chordata","Mammalia","Carnivora","Canidae","Vulpes ","Mammalia","Genus",5200,1100,12,144,5,4,34,2.83333333333333,1,0.0833333333333333,"New Brunswick","Canada","North America",-67,47,4,1,"Pelts","None","None",1,0.39674824580416
9499,405,565,12,25,"Vulpes ","Fox",2,"annual",39,39,39,0,0,0,0,0,"Chordata","Mammalia","Carnivora","Canidae","Vulpes ","Mammalia","Genus",5200,1100,12,144,5,4,39,3.25,1,0.0833333333333333,"Nova Scotia","Canada","North America",-63,45,4,1,"Pelts","None","None",1,0.242828101402197
9500,59,565,12,29,"Canis latrans","Coyote or  Prarie wolf",2,"annual",44,44,44,0,0,0,0,0,"Chordata","Mammalia","Carnivora","Canidae","Canis ","Mammalia","Species",15000,1300,12,180,6,5,44,2.93333333333333,1,0.0666666666666667,"Saskatchewan","Canada","North America",-104,55,4,1,"Pelts","None","See Main ID 248. Ostensibly same data from different source.",1,0.312301547256723
9501,59,565,12,21,"Canis latrans","Coyote or  Prarie wolf",2,"annual",39,39,39,0,0,0,0,0,"Chordata","Mammalia","Carnivora","Canidae","Canis ","Mammalia","Species",15000,1300,12,180,6,5,39,2.6,1,0.0666666666666667,"Manitoba","Canada","North America",-98,55,4,1,"Pelts","None","See Main ID 245. Ostensibly same data from different source.",1,0.535925638444377
9502,59,565,12,10773,"Canis latrans","Coyote or  Prarie wolf",2,"annual",39,39,39,0,0,0,0,0,"Chordata","Mammalia","Carnivora","Canidae","Canis ","Mammalia","Species",15000,1300,12,180,6,5,39,2.6,1,0.0666666666666667,"Prairie provinces of Canada","Canada","North America",-105,55,3,1,"Pelts","None","None",1,0.510697397081079
9503,55,565,12,21,"Martes pennanti","Fisher or  Pekan",2,"annual",34,34,34,0,0,0,0,0,"Chordata","Mammalia","Carnivora","Mustelidae","Martes ","Mammalia","Species",2876,975,12,120,6,5,34,3.4,1,0.1,"Manitoba","Canada","North America",-98,55,4,1,"Pelts","None","See Main ID 281. Similar data from different source.",1,0.0378829465357489
9517,11946,566,81,10784,"Callosobruchus chinensis","Seed beetle, Pulse beetle or Adzuki bean beetle",4,"annual",68,68,61,0,0,0,0,0,"Arthropoda","Insecta","Coleoptera","Bruchidae","Callosobruchus ","Insecta","Species",0.0025,3.5,0.5,5.9,60,3,1632,138.305084745763,24,2.03389830508475,"Unknown","Unknown","Unknown",NA,NA,NA,NA,"All Individuals","None","Host species for Main IDs 9518 & 9519",1,0.00420035952176547
9518,11947,566,81,10784,"Neocatolaccus mamezophagus","Parasitoid wasp",4,"annual",68,68,62,0,0,0,0,0,"Arthropoda","Insecta","Hymenoptera","Pteromalidae","Neocatolaccus ","Insecta","Species",5e-04,2,0.4,1,36.1,3,2040,816,30,12,"Unknown","Unknown","Unknown",NA,NA,NA,NA,"All Individuals","None","None",1,0.0209395024028153
9519,11948,566,81,10784,"Heterospilus prosopidis","Braconid wasp",4,"annual",67,67,59,0,0,0,0,0,"Arthropoda","Insecta","Hymenoptera","Braconidae","Heterospilus ","Insecta","Species",8e-04,2.3,1.8,2.6,200,3,446.666666666667,309.230769230769,6.66666666666667,4.61538461538461,"Unknown","Unknown","Unknown",NA,NA,NA,NA,"All Individuals","None","None",1,0.0587046835301996
9586,46,26,47,8,"Dendrolimus pini","Pine-tree lappet",4,"annual",60,60,35,0,0,0,0,0,"Arthropoda","Insecta","Lepidoptera","Lasiocampidae","Dendrolimus ","Insecta","Species",0.6291,44,8,10,450,3,90,72,1.5,1.2,"Wytham Wood","UK - England","Europe",-1.33333333333333,51.7,4,2,"Pupae","None","Pupae.  Start and End dates relate to generation numbers, not calendar dates.",1,0.0564345622010006
9598,398,26,47,10784,"Unknown Insect sp296","Hawkmoth",3,"annual",50,50,32,0,0,0,0,0,"Arthropoda","Insecta","Lepidoptera","Sphingidae","Hyloicus ","Insecta","Species",NA,NA,NA,NA,NA,NA,NA,NA,NA,NA,"Unknown","Unknown","Unknown",NA,NA,NA,NA,"Pupae","None","Pupae/m2.  Start and End dates relate to generation numbers, not calendar dates.",1,0.167698704612307
9612,44,26,47,343,"Panolis flammea","Pine beauty",3,"annual",60,60,35,0,0,0,0,0,"Arthropoda","Insecta","Lepidoptera","Noctuidae","Panolis ","Insecta","Species",0.1452,20,8,11,520,3,90,65.4545454545455,1.5,1.09090909090909,"De Hoge Veluwe National Park","Netherlands","Europe",5.83333333333333,52.1666666666667,3,3,"Pupae","None","Pupae.  Start and End dates relate to generation numbers, not calendar dates.",1,0.0392618145455171
9643,11983,584,47,10784,"Dendroctonus frontalis","Southern pine beetle",3,"annual",30,30,24,5,5,0.166666666666667,0,0,"Arthropoda","Insecta","Coleoptera","Scolytidae","Dendroctonus ","Insecta","Species",0.0018,4,2,24,25,3,180,15,6,0.5,"Unknown","Unknown","Unknown",NA,NA,NA,NA,"All Individuals","None","All.  Start and End dates relate to generation numbers, not calendar dates.",2,0.0878249438403707
9646,11901,587,47,10784,"Lymantria dispar","Gypsy moth",3,"annual",33,33,28,0,0,0,0,0,"Arthropoda","Insecta","Lepidoptera","Lymantriidae","Lymantria ","Insecta","Species",0.765,35,2,6,400,3,198,66,6,2,"Unknown","Unknown","Unknown",NA,NA,NA,NA,"Eggs","None","Eggs.  Start and End dates relate to generation numbers, not calendar dates.",1,0.133226107776805
9685,12029,593,12,10788,"Rubeola or Morbilli","Measles",3,"annual",40,40,35,0,0,0,0,0,"Virus","Unknown","Unknown","Unknown","","Other","Virus",NA,NA,0.33,0.33,NA,NA,1454.54545454545,1454.54545454545,36.3636363636364,36.3636363636364,"England and Wales","United Kingdom","Europe",-1.5,52.5,3,1,"Individuals Infected","x 10^n","None",1,0.119454544214947
9686,12030,593,12,10788,"Bordetella pertussis","Whooping cough",3,"annual",40,40,36,0,0,0,0,0,"Monera","Unknown","Unknown","Unknown","Bordetella ","Other","Species",NA,NA,0.25,0.25,NA,NA,1920,1920,48,48,"England and Wales","United Kingdom","Europe",-1.5,52.5,3,1,"Individuals Infected","x 10^n","None",1,0.584810023933959
9688,44,26,355,119,"Panolis flammea","Pine beauty",3,"annual",60,60,20,0,0,0,0,0,"Arthropoda","Insecta","Lepidoptera","Noctuidae","Panolis ","Insecta","Species",0.1452,20,8,11,520,3,90,65.4545454545455,1.5,1.09090909090909,"Letzlingen","Germany","Europe",11.5,52.45,3,1,"All Individuals","None","Estimates made in December",1,0.0382227437299472
9689,45,26,355,119,"Hyloicus pinastri","Pine hawkmoth",3,"annual",50,49,17,0,0,0,1,0.02,"Arthropoda","Insecta","Lepidoptera","Sphingidae","Hyloicus ","Insecta","Species",0.52,63,8,10,1100,3,75,60,1.5,1.2,"Letzlingen","Germany","Europe",11.5,52.45,3,1,"All Individuals","None","Estimates made in December",1,0.176866703876321
9690,46,26,355,119,"Dendrolimus pini","Pine-tree lappet",3,"annual",60,59,26,0,0,0,1,0.0166666666666667,"Arthropoda","Insecta","Lepidoptera","Lasiocampidae","Dendrolimus ","Insecta","Species",0.6291,44,8,10,450,3,90,72,1.5,1.2,"Letzlingen","Germany","Europe",11.5,52.45,3,1,"All Individuals","None","Estimates made in December",1,0.0531508058849167
9691,47,26,355,119,"Bupalus piniaria","Pine looper or Bordered white",3,"annual",60,58,35,0,0,0,2,0.0333333333333333,"Arthropoda","Insecta","Lepidoptera","Geometridae","Bupalus ","Insecta","Species",0.0648,15,8,10,550,3,90,72,1.5,1.2,"Letzlingen","Germany","Europe",11.5,52.45,3,1,"All Individuals","None","Estimates made in December",1,0.0554983384865819
9791,50,598,318,10511,"Apodemus sylvaticus","Wood mouse",3,"seasonal",40,40,31,0,0,0,0,0,"Chordata","Mammalia","Rodentia","Muridae","Apodemus ","Mammalia","Species",23,212,2,18,36,4,120,13.3333333333333,3,0.333333333333333,"Great Wood, Wytham Woods","UK - England","Europe",-1.33333333333333,51.7,5,3,"All Individuals","None","Data obtained by combining figures from capture-mark-recapture and index trapping. Area estimated to be 12 acres(4.9ha). Method of trapping changed in 1952, 1954 & 1956. The first reading of the year was taken in April, May or June, the second in December.",1,0.0140426349723896
9792,51,598,318,10511,"Clethrionomys glareolus","Bank vole",3,"seasonal",40,40,36,0,0,0,0,0,"Chordata","Mammalia","Rodentia","Muridae","Clethrionomys ","Mammalia","Species",22,133,4,24,18,4,60,10,1.5,0.25,"Great Wood, Wytham Woods","UK - England","Europe",-1.33333333333333,51.7,5,3,"All Individuals","None","Data obtained by combining figures from capture-mark-recapture and index trapping. Area estimated to be 12 acres(4.9ha). Method of trapping changed in 1952, 1954 & 1956. The first reading of the year was taken in April, May or June, the second in December.",1,0.0430550606143044
9793,12055,599,362,10805,"Pterocles namaqua","Namaqua sandgrouse",3,"annual",86,77,64,2,8,0.103896103896104,9,0.104651162790698,"Chordata","Aves","Pteroclidiformes","Pteroclididae","Pterocles ","Aves","Species",177,280,12,60,4,3,86,17.2,1,0.2,"Rooipoort, Kimberley","South Africa","Africa",24.0833333333333,-28.75,3,2,"Individuals killed","None","Data are for winter population abundance indices ( mean daily hunting bag). An apparent population decline between 1950 and 1992 may be an artifact of increased sandgrouse dispersion in response to and increased number of artificial watering points on the estate and the surrounding area.",3,0.0781956562527845
9794,11192,600,81,10688,"Tetrao urogallus","Western capercaillie or Wood grouse",2,"annual",41,32,27,0,0,0,9,0.219512195121951,"Chordata","Aves","Galliformes","Tetraonidae","Tetrao ","Aves","Species",2950,900,10,120,8,3,49.2,4.1,1.2,0.1,"Finland","Finland","Europe",27,64,3,1,"All Individuals","Index","None",1,0.436114882564701
9795,411,600,81,10688,"Tetrao tetrix","Black grouse",2,"annual",41,32,27,0,0,0,9,0.219512195121951,"Chordata","Aves","Galliformes","Tetraonidae","Tetrao ","Aves","Species",1083,500,14,60,8,4,35.1428571428571,8.2,0.857142857142857,0.2,"Finland","Finland","Europe",27,64,3,1,"All Individuals","Index","None",1,0.186280179365483
9796,1,600,81,10688,"Bonasa bonasia","Hazel grouse",2,"annual",41,32,26,0,0,0,9,0.219512195121951,"Chordata","Aves","Galliformes","Tetraonidae","Bonasa ","Aves","Species",429,375,10,60,8,3,49.2,8.2,1.2,0.2,"Finland","Finland","Europe",27,64,3,1,"All Individuals","Index","None",1,0.232614722103775
9797,11191,600,81,10688,"Lagopus lagopus","Willow grouse",2,"annual",41,32,27,0,0,0,9,0.219512195121951,"Chordata","Aves","Galliformes","Tetraonidae","Lagopus ","Aves","Species",550,390,10,84,7,3,49.2,5.85714285714286,1.2,0.142857142857143,"Finland","Finland","Europe",27,64,3,1,"All Individuals","Index","None",1,0.287990795634141
9833,81,605,367,10820,"Myocastor coypus","Nutria or Coypu",4,"monthly",120,120,60,0,0,0,0,0,"Chordata","Mammalia","Rodentia","Myocastoridae","Myocastor ","Mammalia","Species",8000,896,8,72,6,3,15,1.66666666666667,0.125,0.0138888888888889,"East Anglia","UK - England","Europe",1,52.5,3,1,"Females","x 10^n","None",1,0.575354823002674
9834,81,605,367,10820,"Myocastor coypus","Nutria or Coypu",4,"monthly",120,120,50,0,0,0,0,0,"Chordata","Mammalia","Rodentia","Myocastoridae","Myocastor ","Mammalia","Species",8000,896,8,72,6,3,15,1.66666666666667,0.125,0.0138888888888889,"East Anglia","UK - England","Europe",1,52.5,3,1,"Males","x 10^n","None",1,0.469881524488683
9893,12067,613,12,10823,"Lanius excubitor","Northern shrike",2,"annual",36,36,26,0,0,0,0,0,"Chordata","Aves","Passeriformes","Laniidae","Lanius ","Aves","Species",66,250,12,96,7,5,36,4.5,1,0.125,"New England and adjoining states","USA","North America",-70.7833333333333,43,3,1,"All Individuals","None","None",1,0.0266223958538651
9894,393,615,287,10825,"Clethrionomys rufocanus","Grey-sided vole, red-grey vole",2,"annual",30,30,20,1,4,0.133333333333333,0,0,"Chordata","Mammalia","Rodentia","Muridae","Clethrionomys ","Mammalia","Species",39,133,4,24,18,4,90,15,3,0.5,"Central Kola Peninsula, Kol'skiy Poloustrov","Russian Federation","Europe",35,67.5,3,1,"All Individuals","None","Data originally from Koshkina, TV. 1966. On the periodical changes in the numbers of voles. Bull. Mosc. Soc. Nat. Biol. Sec 71, 14-26.",2,0.0430909592025754
9917,390,614,81,10824,"Microtus agrestis","Field vole",3,"seasonal",48,48,24,0,0,0,0,0,"Chordata","Mammalia","Rodentia","Muridae","Microtus ","Mammalia","Species",27,160,1,18,15,4,288,16,6,0.333333333333333,"Pallasjarvi, Finnish Lapland","Finland","Europe",24,68,3,2,"Trapped Individuals","Log","None",1,0.101344573607369
9918,391,614,81,10824,"Microtus oeconomus","Root vole",3,"seasonal",48,48,17,0,0,0,0,0,"Chordata","Mammalia","Rodentia","Muridae","Microtus ","Mammalia","Species",32,155,1,18,18,4,288,16,6,0.333333333333333,"Pallasjarvi, Finnish Lapland","Finland","Europe",24,68,3,2,"Trapped Individuals","Log","None",1,0.0136464702191317
9919,392,614,81,10824,"Clethrionomys rutilus","Northern red-backed vole",3,"seasonal",46,46,28,0,0,0,0,0,"Chordata","Mammalia","Rodentia","Muridae","Clethrionomys ","Mammalia","Species",23,133,4,24,18,4,69,11.5,1.5,0.25,"Pallasjarvi, Finnish Lapland","Finland","Europe",24,68,3,2,"Trapped Individuals","Log","None",1,0.0379774587400297
9920,393,614,81,10824,"Clethrionomys rufocanus","Grey-sided vole, red-grey vole",3,"seasonal",46,46,18,0,0,0,0,0,"Chordata","Mammalia","Rodentia","Muridae","Clethrionomys ","Mammalia","Species",39,133,4,24,18,4,69,11.5,1.5,0.25,"Pallasjarvi, Finnish Lapland","Finland","Europe",24,68,3,2,"Trapped Individuals","Log","None",1,0.0047998904290778
9921,51,614,81,10824,"Clethrionomys glareolus","Bank vole",3,"seasonal",46,46,25,0,0,0,0,0,"Chordata","Mammalia","Rodentia","Muridae","Clethrionomys ","Mammalia","Species",22,133,4,24,18,4,69,11.5,1.5,0.25,"Pallasjarvi, Finnish Lapland","Finland","Europe",24,68,3,2,"Trapped Individuals","Log","None",1,0.0989485867565163
9923,12071,620,342,10714,"Microtus","Voles",3,"seasonal",38,37,19,2,2,0.0540540540540541,1,0.0263157894736842,"Chordata","Mammalia","Rodentia","Muridae","Microtus","Mammalia","Genus",27,160,1,18,15,3,228,12.6666666666667,6,0.333333333333333,"Kauhava region, (South Ostrobothnia)","Finland","Europe",23.0833333333333,63.1,3,2,"All Individuals","None","None",3,0.128965481347022
