"ID","Model","Classification","NoiseLevel","TSlength","Sim.1","Sim.2","Sim.3","Sim.4","Sim.5","Sim.6","Sim.7","Sim.8","Sim.9","Sim.10","Sim.11","Sim.12","Sim.13","Sim.14","Sim.15","Sim.16","Sim.17","Sim.18","Sim.19","Sim.20"
1,"AR1Stochastic","stochastic",0,25,1,1,1,1,1,2,1,1,4,1,1,1,1,4,1,1,5,1,1,2
2,"AR1Stochastic","stochastic",0.1,25,1,3,1,5,3,1,1,2,1,3,2,5,3,1,1,3,4,1,1,1
3,"AR1Stochastic","stochastic",0.2,25,2,1,1,4,4,1,3,5,1,1,3,2,2,3,1,2,1,5,1,1
4,"AR1Stochastic","stochastic",0.3,25,1,1,1,2,2,5,3,1,1,1,1,3,1,1,1,1,1,1,1,5
5,"AR1Stochastic","stochastic",0,50,4,1,3,1,1,4,1,6,1,1,1,1,1,1,1,1,2,1,1,1
6,"AR1Stochastic","stochastic",0.1,50,1,1,1,1,1,3,1,1,5,1,1,3,2,1,4,1,1,3,1,2
7,"AR1Stochastic","stochastic",0.2,50,1,1,6,2,1,4,2,1,3,1,1,5,1,4,1,1,1,1,4,1
8,"AR1Stochastic","stochastic",0.3,50,2,3,1,1,1,4,1,1,1,3,4,1,1,1,3,1,6,1,1,1
9,"AR1Stochastic","stochastic",0,75,1,1,2,2,1,1,5,1,2,1,2,1,1,1,1,3,1,1,1,1
10,"AR1Stochastic","stochastic",0.1,75,3,3,4,1,2,1,6,1,5,6,2,1,1,2,5,3,2,1,1,1
11,"AR1Stochastic","stochastic",0.2,75,5,1,5,1,5,1,1,1,1,3,4,1,1,3,1,2,1,1,2,1
12,"AR1Stochastic","stochastic",0.3,75,1,4,3,1,2,4,1,1,6,2,2,4,1,5,1,1,1,1,1,5
13,"AR1Stochastic","stochastic",0,100,1,1,1,1,1,1,2,1,1,4,1,2,1,2,2,1,1,1,1,1
14,"AR1Stochastic","stochastic",0.1,100,2,1,1,1,1,3,1,1,1,1,4,1,2,1,1,1,1,1,1,1
15,"AR1Stochastic","stochastic",0.2,100,3,1,1,1,1,1,1,1,1,1,1,4,1,1,1,1,3,1,2,1
16,"AR1Stochastic","stochastic",0.3,100,1,1,5,2,1,2,3,2,1,3,1,1,3,1,1,1,1,3,4,1
17,"AR1Stochastic","stochastic",0,250,6,4,3,2,1,1,1,1,1,1,1,4,1,2,1,1,1,1,1,1
18,"AR1Stochastic","stochastic",0.1,250,1,1,1,1,1,4,2,1,1,1,1,1,1,1,1,3,1,1,1,1
19,"AR1Stochastic","stochastic",0.2,250,1,1,1,1,2,2,2,1,1,1,1,3,1,1,1,1,1,1,1,1
20,"AR1Stochastic","stochastic",0.3,250,2,1,1,3,1,3,1,2,1,1,1,2,1,1,1,4,1,2,5,1
21,"BlueNoiseStochastic","stochastic",0,25,1,5,1,3,3,5,1,2,1,5,1,5,3,2,3,1,1,3,1,1
22,"BlueNoiseStochastic","stochastic",0.1,25,4,1,4,1,1,4,3,2,2,2,2,3,1,2,2,2,1,4,1,3
23,"BlueNoiseStochastic","stochastic",0.2,25,1,2,2,1,1,1,1,1,2,1,4,1,1,1,1,4,4,1,1,4
24,"BlueNoiseStochastic","stochastic",0.3,25,1,1,1,1,2,1,1,1,3,2,4,2,1,3,4,1,1,3,1,1
25,"BlueNoiseStochastic","stochastic",0,50,3,2,5,1,5,1,3,1,6,3,3,2,2,2,3,1,2,3,4,2
26,"BlueNoiseStochastic","stochastic",0.1,50,1,6,3,2,4,2,1,5,1,2,2,4,2,2,2,4,1,2,1,4
27,"BlueNoiseStochastic","stochastic",0.2,50,3,1,5,2,2,1,3,3,3,2,2,4,5,2,1,2,3,5,2,1
28,"BlueNoiseStochastic","stochastic",0.3,50,1,2,3,2,2,6,2,6,3,5,1,3,1,3,2,1,1,2,2,4
29,"BlueNoiseStochastic","stochastic",0,75,3,2,3,6,3,4,4,3,1,1,5,2,2,4,1,4,3,2,3,1
30,"BlueNoiseStochastic","stochastic",0.1,75,1,1,6,3,3,5,1,1,2,3,3,4,2,3,6,4,2,3,2,2
31,"BlueNoiseStochastic","stochastic",0.2,75,2,5,4,2,3,2,6,2,4,2,1,2,4,1,5,3,2,4,2,2
32,"BlueNoiseStochastic","stochastic",0.3,75,1,6,5,5,1,2,2,6,5,1,4,2,4,3,6,5,4,2,2,1
33,"BlueNoiseStochastic","stochastic",0,100,4,2,2,4,2,3,3,2,2,3,4,3,3,3,2,3,3,6,5,2
34,"BlueNoiseStochastic","stochastic",0.1,100,3,4,4,6,1,1,4,3,3,4,4,3,5,3,2,3,4,4,3,1
35,"BlueNoiseStochastic","stochastic",0.2,100,6,2,6,2,4,1,4,2,3,1,5,3,5,6,6,5,6,6,3,3
36,"BlueNoiseStochastic","stochastic",0.3,100,6,6,4,6,5,2,4,2,3,2,2,4,2,6,4,5,6,4,6,5
37,"BlueNoiseStochastic","stochastic",0,250,4,2,3,3,2,5,6,6,2,4,5,5,6,3,2,4,4,6,4,6
38,"BlueNoiseStochastic","stochastic",0.1,250,4,4,6,3,3,4,6,2,3,3,6,5,5,3,3,3,5,6,4,6
39,"BlueNoiseStochastic","stochastic",0.2,250,5,6,1,5,4,4,5,6,6,4,5,6,5,6,3,4,2,5,4,3
40,"BlueNoiseStochastic","stochastic",0.3,250,6,6,3,5,6,6,6,2,6,4,6,6,6,3,3,5,6,4,3,3
41,"CubicMapChaotic","chaotic",0.01,25,1,2,5,3,2,2,2,2,3,2,1,2,2,1,1,1,2,1,3,5
42,"CubicMapChaotic","chaotic",0.1,25,3,2,2,3,1,2,2,1,1,1,2,1,2,3,1,1,3,2,2,1
43,"CubicMapChaotic","chaotic",0.2,25,4,1,2,3,1,1,3,1,3,2,2,5,2,3,2,1,3,4,1,4
44,"CubicMapChaotic","chaotic",0.3,25,2,1,1,2,3,1,2,5,1,5,2,3,1,4,1,5,3,5,2,2
45,"CubicMapChaotic","chaotic",0.01,50,2,3,3,2,3,3,2,3,3,3,3,4,3,3,3,3,4,3,3,3
46,"CubicMapChaotic","chaotic",0.1,50,3,3,3,3,3,5,3,3,2,3,3,3,2,3,5,2,3,3,2,3
47,"CubicMapChaotic","chaotic",0.2,50,4,2,3,4,4,3,2,3,3,2,3,3,3,3,2,2,3,2,2,3
48,"CubicMapChaotic","chaotic",0.3,50,4,3,3,5,3,2,3,3,3,2,1,1,2,4,3,3,3,3,2,3
49,"CubicMapChaotic","chaotic",0.01,75,3,3,3,3,3,3,3,3,2,3,3,5,3,3,3,3,4,4,3,4
50,"CubicMapChaotic","chaotic",0.1,75,3,3,3,3,3,2,3,3,3,4,3,3,3,3,4,3,2,3,3,4
51,"CubicMapChaotic","chaotic",0.2,75,3,2,3,3,4,4,3,5,3,3,4,5,3,4,3,6,6,4,3,3
52,"CubicMapChaotic","chaotic",0.3,75,4,3,2,4,2,4,4,4,5,5,4,4,4,3,5,4,6,3,3,3
53,"CubicMapChaotic","chaotic",0.01,100,3,3,3,3,3,3,4,3,3,3,3,3,4,3,3,3,3,3,4,3
54,"CubicMapChaotic","chaotic",0.1,100,3,4,4,5,4,5,3,3,3,3,3,3,3,3,3,3,3,3,3,3
55,"CubicMapChaotic","chaotic",0.2,100,5,5,6,4,3,3,4,3,4,4,4,5,3,6,4,3,4,4,4,4
56,"CubicMapChaotic","chaotic",0.3,100,3,4,5,3,5,5,3,4,4,4,6,3,6,3,3,4,4,4,5,4
57,"CubicMapChaotic","chaotic",0.01,250,4,3,4,3,3,3,4,3,3,3,3,3,3,3,3,4,3,3,3,3
58,"CubicMapChaotic","chaotic",0.1,250,3,4,4,4,4,3,5,4,5,3,4,3,4,4,5,4,4,4,4,4
59,"CubicMapChaotic","chaotic",0.2,250,5,5,6,5,5,5,4,4,6,5,5,5,5,4,5,5,4,4,5,6
60,"CubicMapChaotic","chaotic",0.3,250,5,5,6,3,5,4,4,5,5,3,6,6,5,4,5,4,5,5,6,5
61,"CyclostationaryStochastic","stochastic",0,25,5,2,2,2,2,2,2,4,2,5,2,3,2,2,3,2,2,2,2,5
62,"CyclostationaryStochastic","stochastic",0.1,25,3,2,2,2,2,4,2,2,2,4,2,2,2,2,2,4,2,5,2,2
63,"CyclostationaryStochastic","stochastic",0.2,25,4,2,3,2,2,2,2,2,2,2,2,2,2,2,3,5,2,2,3,2
64,"CyclostationaryStochastic","stochastic",0.3,25,2,2,2,2,2,4,4,3,2,2,2,2,2,2,2,2,2,2,2,2
65,"CyclostationaryStochastic","stochastic",0,50,2,2,2,2,2,2,2,5,2,2,2,2,2,2,2,2,2,2,2,2
66,"CyclostationaryStochastic","stochastic",0.1,50,2,2,2,2,2,2,2,3,2,2,2,6,2,2,2,2,2,2,2,2
67,"CyclostationaryStochastic","stochastic",0.2,50,2,2,2,2,2,2,2,2,2,2,2,2,2,2,2,2,2,2,2,2
68,"CyclostationaryStochastic","stochastic",0.3,50,2,2,2,2,2,6,2,2,2,2,2,6,2,2,2,2,2,2,3,2
69,"CyclostationaryStochastic","stochastic",0,75,2,2,2,2,2,2,2,2,2,2,2,2,2,2,2,2,3,2,2,2
70,"CyclostationaryStochastic","stochastic",0.1,75,2,2,2,2,2,2,2,2,2,2,2,2,2,2,2,2,2,2,2,2
71,"CyclostationaryStochastic","stochastic",0.2,75,3,2,2,2,3,4,5,2,2,2,2,2,2,2,2,2,2,2,2,2
72,"CyclostationaryStochastic","stochastic",0.3,75,3,2,2,2,2,2,2,2,2,3,2,3,2,2,2,2,2,2,2,2
73,"CyclostationaryStochastic","stochastic",0,100,2,2,2,2,2,2,2,2,2,2,6,2,2,2,2,2,2,2,2,2
74,"CyclostationaryStochastic","stochastic",0.1,100,2,2,2,2,4,2,2,2,2,2,2,2,2,2,2,2,3,2,2,6
75,"CyclostationaryStochastic","stochastic",0.2,100,2,2,2,2,2,2,2,2,2,2,2,2,2,2,2,2,2,2,2,2
76,"CyclostationaryStochastic","stochastic",0.3,100,2,2,2,2,2,2,2,2,2,2,2,2,2,2,2,2,2,2,2,5
77,"CyclostationaryStochastic","stochastic",0,250,2,2,2,2,2,2,2,2,2,2,2,2,2,2,2,2,2,2,2,2
78,"CyclostationaryStochastic","stochastic",0.1,250,2,2,2,2,2,2,2,2,2,2,2,2,2,2,2,2,2,2,2,2
79,"CyclostationaryStochastic","stochastic",0.2,250,2,2,2,2,2,2,2,2,2,2,2,2,2,2,2,2,2,2,2,2
80,"CyclostationaryStochastic","stochastic",0.3,250,2,2,2,2,2,2,2,2,2,3,2,2,2,2,2,2,2,2,2,2
81,"HenonPeriodic","periodic",0.01,25,3,3,3,3,3,3,3,3,3,3,3,3,3,3,3,3,3,3,3,3
82,"HenonPeriodic","periodic",0.1,25,1,1,1,1,1,3,3,3,4,3,1,5,5,1,4,1,1,3,1,2
83,"HenonPeriodic","periodic",0.2,25,1,1,1,3,1,1,1,3,2,3,2,1,2,4,1,5,5,3,2,1
84,"HenonPeriodic","periodic",0.3,25,1,1,1,1,2,2,4,1,1,1,1,1,1,1,1,5,1,1,1,1
85,"HenonPeriodic","periodic",0.01,50,3,3,3,3,3,3,3,3,3,3,3,3,3,3,3,3,3,3,3,3
86,"HenonPeriodic","periodic",0.1,50,5,2,4,5,2,3,5,3,3,1,4,5,1,4,4,4,4,4,4,2
87,"HenonPeriodic","periodic",0.2,50,1,2,4,2,3,6,2,2,4,4,2,1,2,4,2,2,2,3,2,3
88,"HenonPeriodic","periodic",0.3,50,1,2,4,1,1,1,3,6,2,2,1,2,2,2,4,5,2,1,1,1
89,"HenonPeriodic","periodic",0.01,75,3,3,3,3,3,3,3,3,3,3,3,3,3,3,3,3,3,3,3,3
90,"HenonPeriodic","periodic",0.1,75,2,4,2,4,4,5,2,4,2,5,2,4,2,4,2,2,4,4,5,2
91,"HenonPeriodic","periodic",0.2,75,5,6,4,5,3,3,1,3,4,4,2,5,2,5,6,2,4,6,6,4
92,"HenonPeriodic","periodic",0.3,75,1,3,1,3,3,2,2,3,2,4,1,3,6,4,3,1,4,3,1,3
93,"HenonPeriodic","periodic",0.01,100,3,3,3,3,3,3,3,3,3,3,3,3,3,3,3,3,3,3,3,3
94,"HenonPeriodic","periodic",0.1,100,2,2,2,4,4,5,4,2,6,2,4,2,4,2,4,3,2,4,6,5
95,"HenonPeriodic","periodic",0.2,100,3,2,6,2,4,3,2,5,5,6,6,4,2,1,6,3,4,6,4,6
96,"HenonPeriodic","periodic",0.3,100,2,2,2,5,5,2,1,3,5,2,3,3,2,3,3,5,4,6,2,4
97,"HenonPeriodic","periodic",0.01,250,3,3,3,3,3,3,3,3,3,3,3,3,3,3,3,3,3,3,3,3
98,"HenonPeriodic","periodic",0.1,250,4,5,6,5,5,4,2,4,5,4,4,4,4,4,4,4,5,4,6,5
99,"HenonPeriodic","periodic",0.2,250,6,4,6,4,4,5,5,5,4,4,4,5,4,5,4,5,6,5,3,5
100,"HenonPeriodic","periodic",0.3,250,6,6,6,5,2,4,4,6,5,4,5,2,6,3,6,6,3,5,3,4
101,"HostParParChaotic","chaotic",0.01,25,4,4,3,2,3,3,4,2,3,4,3,2,3,2,2,3,3,3,4,2
102,"HostParParChaotic","chaotic",0.1,25,2,4,5,3,3,3,2,2,5,3,3,4,4,4,5,2,4,2,3,4
103,"HostParParChaotic","chaotic",0.2,25,4,5,3,3,5,4,5,2,4,3,3,5,2,2,3,3,2,2,5,2
104,"HostParParChaotic","chaotic",0.3,25,5,2,1,4,4,3,5,3,3,5,1,2,4,1,2,5,2,2,2,4
105,"HostParParChaotic","chaotic",0.01,50,2,4,5,2,4,2,4,4,4,2,2,4,4,4,4,4,2,6,4,2
106,"HostParParChaotic","chaotic",0.1,50,4,5,3,5,2,4,3,4,3,2,3,4,2,4,6,2,3,3,5,2
107,"HostParParChaotic","chaotic",0.2,50,2,2,3,3,5,4,4,2,4,2,3,5,5,6,2,4,2,2,4,3
108,"HostParParChaotic","chaotic",0.3,50,4,2,5,3,2,2,3,3,3,4,6,2,6,4,5,2,5,5,2,3
109,"HostParParChaotic","chaotic",0.01,75,4,4,4,2,5,5,2,3,5,4,2,4,4,4,4,4,2,4,4,4
110,"HostParParChaotic","chaotic",0.1,75,4,4,3,5,6,2,3,2,3,2,4,4,4,4,3,6,3,3,3,3
111,"HostParParChaotic","chaotic",0.2,75,3,6,4,4,6,2,2,5,4,4,4,3,5,6,4,2,3,6,2,3
112,"HostParParChaotic","chaotic",0.3,75,4,4,4,4,5,3,6,3,2,5,5,4,3,5,5,3,2,3,2,3
113,"HostParParChaotic","chaotic",0.01,100,4,4,4,2,2,4,4,4,4,4,4,2,4,4,4,4,4,5,4,2
114,"HostParParChaotic","chaotic",0.1,100,4,3,3,2,4,4,4,4,5,3,5,4,4,3,4,5,5,3,3,3
115,"HostParParChaotic","chaotic",0.2,100,4,4,6,5,3,4,4,4,2,3,3,5,5,3,3,3,5,5,5,5
116,"HostParParChaotic","chaotic",0.3,100,6,4,2,3,3,2,6,4,4,4,2,3,3,6,6,3,2,4,5,3
117,"HostParParChaotic","chaotic",0.01,250,2,4,4,2,2,2,2,2,2,2,2,4,2,2,2,4,2,5,4,2
118,"HostParParChaotic","chaotic",0.1,250,4,5,4,2,3,4,4,4,3,4,5,4,5,4,3,4,3,4,3,4
119,"HostParParChaotic","chaotic",0.2,250,5,5,3,4,3,3,3,3,4,4,5,4,3,3,3,4,4,6,4,3
120,"HostParParChaotic","chaotic",0.3,250,2,6,3,6,4,6,4,4,3,4,3,6,3,4,6,4,3,3,5,5
121,"HostParParPeriodic","periodic",0.01,25,5,5,5,5,5,5,5,5,5,5,5,5,5,5,5,5,5,5,5,5
122,"HostParParPeriodic","periodic",0.1,25,3,2,2,4,2,5,4,4,3,2,2,4,3,5,2,4,2,3,4,2
123,"HostParParPeriodic","periodic",0.2,25,4,2,3,5,3,5,3,5,5,4,5,2,5,5,3,4,2,2,2,5
124,"HostParParPeriodic","periodic",0.3,25,3,3,2,3,5,2,2,3,5,2,2,5,3,5,3,3,5,4,2,2
125,"HostParParPeriodic","periodic",0.01,50,5,5,5,5,5,5,5,5,5,5,5,5,5,5,5,5,5,5,5,5
126,"HostParParPeriodic","periodic",0.1,50,4,5,5,2,5,6,4,4,2,2,2,5,5,4,6,2,2,4,4,5
127,"HostParParPeriodic","periodic",0.2,50,2,3,2,2,3,5,4,3,5,4,6,1,4,6,2,2,4,4,4,5
128,"HostParParPeriodic","periodic",0.3,50,3,2,2,2,2,5,2,5,2,2,2,3,2,3,3,3,3,3,2,2
129,"HostParParPeriodic","periodic",0.01,75,5,5,5,5,5,5,5,5,5,5,5,5,5,5,5,5,5,5,5,5
130,"HostParParPeriodic","periodic",0.1,75,4,6,5,5,5,4,3,3,1,6,2,1,6,6,2,6,6,3,3,5
131,"HostParParPeriodic","periodic",0.2,75,4,3,6,3,2,2,3,2,3,3,2,2,2,3,3,4,3,2,3,3
132,"HostParParPeriodic","periodic",0.3,75,2,5,3,2,2,5,2,3,2,4,5,6,6,3,3,5,4,3,4,2
133,"HostParParPeriodic","periodic",0.01,100,5,5,5,5,5,5,5,5,5,5,5,5,5,5,5,5,5,5,5,5
134,"HostParParPeriodic","periodic",0.1,100,2,5,6,4,2,6,6,3,4,6,6,2,4,6,3,6,4,6,6,4
135,"HostParParPeriodic","periodic",0.2,100,4,4,2,3,2,4,2,5,2,4,4,6,3,3,6,4,4,4,2,6
136,"HostParParPeriodic","periodic",0.3,100,2,2,2,2,4,4,4,3,2,4,2,5,5,5,3,3,3,5,4,6
137,"HostParParPeriodic","periodic",0.01,250,5,5,5,5,5,5,5,5,5,5,5,5,5,5,5,5,5,5,5,5
138,"HostParParPeriodic","periodic",0.1,250,5,4,3,5,3,5,6,6,4,5,6,6,6,2,5,5,6,6,6,5
139,"HostParParPeriodic","periodic",0.2,250,3,3,5,2,3,3,2,2,2,5,4,4,6,3,3,2,2,3,3,3
140,"HostParParPeriodic","periodic",0.3,250,2,3,6,3,2,5,2,5,5,3,3,4,6,2,3,4,2,3,2,5
141,"IkedaChaotic","chaotic",0.01,25,3,1,1,1,3,1,2,1,3,3,3,1,1,3,1,4,1,4,1,1
142,"IkedaChaotic","chaotic",0.1,25,1,3,1,1,1,3,1,1,1,5,3,2,2,3,4,1,1,2,1,2
143,"IkedaChaotic","chaotic",0.2,25,3,2,5,2,3,2,2,4,1,2,3,1,1,1,1,1,1,4,1,5
144,"IkedaChaotic","chaotic",0.3,25,1,3,4,1,2,2,1,2,5,2,2,3,2,2,3,2,1,1,1,3
145,"IkedaChaotic","chaotic",0.01,50,3,2,3,6,3,2,3,3,3,6,2,4,3,4,3,3,3,3,3,2
146,"IkedaChaotic","chaotic",0.1,50,3,2,3,3,4,2,1,5,1,3,3,2,3,3,3,3,2,4,2,4
147,"IkedaChaotic","chaotic",0.2,50,1,2,3,2,2,4,5,3,1,2,3,3,2,3,1,5,1,6,1,4
148,"IkedaChaotic","chaotic",0.3,50,3,3,3,1,1,4,6,2,2,3,1,2,3,1,3,2,1,3,1,3
149,"IkedaChaotic","chaotic",0.01,75,3,3,3,3,5,3,3,3,3,3,3,3,3,3,3,3,3,3,3,4
150,"IkedaChaotic","chaotic",0.1,75,3,3,5,3,3,3,3,3,3,3,3,3,3,4,3,5,3,3,3,3
151,"IkedaChaotic","chaotic",0.2,75,4,3,3,3,4,3,2,3,3,3,4,3,3,4,4,3,3,3,3,3
152,"IkedaChaotic","chaotic",0.3,75,4,3,3,3,5,5,6,4,4,4,5,2,3,4,2,1,2,3,5,4
153,"IkedaChaotic","chaotic",0.01,100,3,3,3,3,3,3,4,3,3,3,3,3,4,3,3,3,3,3,3,2
154,"IkedaChaotic","chaotic",0.1,100,3,3,3,3,2,3,3,3,3,3,4,4,3,3,3,4,3,3,3,3
155,"IkedaChaotic","chaotic",0.2,100,3,3,3,3,3,3,3,3,3,3,3,3,3,4,3,3,4,3,4,3
156,"IkedaChaotic","chaotic",0.3,100,4,6,3,4,3,5,3,3,3,3,3,3,6,3,3,3,3,3,3,3
157,"IkedaChaotic","chaotic",0.01,250,3,5,3,4,3,3,3,4,4,3,5,4,4,4,5,4,5,4,3,3
158,"IkedaChaotic","chaotic",0.1,250,3,5,4,4,3,4,4,4,4,3,4,4,4,5,4,3,4,4,5,4
159,"IkedaChaotic","chaotic",0.2,250,4,3,4,3,4,3,4,4,4,3,4,5,3,4,3,3,5,3,3,3
160,"IkedaChaotic","chaotic",0.3,250,4,5,5,4,5,4,3,4,5,3,4,4,5,3,3,4,3,5,5,3
161,"LogisticChaotic","chaotic",0.01,25,1,1,1,1,1,1,1,1,1,1,1,1,1,1,1,1,1,1,1,1
162,"LogisticChaotic","chaotic",0.1,25,2,1,1,1,1,1,1,2,1,1,1,1,1,1,1,1,2,1,1,1
163,"LogisticChaotic","chaotic",0.2,25,1,2,1,1,1,1,2,1,1,1,1,1,1,1,1,1,1,1,2,2
164,"LogisticChaotic","chaotic",0.3,25,2,1,2,2,1,1,3,1,1,1,1,1,2,3,1,1,1,2,1,1
165,"LogisticChaotic","chaotic",0.01,50,1,1,1,1,1,1,1,1,1,1,1,1,1,1,1,1,1,1,1,1
166,"LogisticChaotic","chaotic",0.1,50,1,1,1,1,1,2,2,1,1,1,1,1,1,2,2,1,1,2,1,1
167,"LogisticChaotic","chaotic",0.2,50,1,1,1,1,2,2,2,2,1,1,1,1,1,1,2,1,1,2,1,1
168,"LogisticChaotic","chaotic",0.3,50,6,2,2,1,3,2,2,1,2,1,2,1,2,3,3,2,1,2,1,1
169,"LogisticChaotic","chaotic",0.01,75,1,1,1,1,1,1,1,1,1,1,1,1,1,1,1,1,1,1,1,1
170,"LogisticChaotic","chaotic",0.1,75,1,2,2,1,1,1,1,1,1,1,1,2,1,1,2,2,1,2,1,1
171,"LogisticChaotic","chaotic",0.2,75,2,1,2,1,1,1,1,1,2,1,1,1,2,1,1,2,2,2,1,2
172,"LogisticChaotic","chaotic",0.3,75,1,2,2,1,1,2,1,2,2,2,2,2,2,2,2,1,1,1,2,1
173,"LogisticChaotic","chaotic",0.01,100,1,1,1,1,1,1,1,1,1,1,1,1,1,1,1,1,1,1,1,1
174,"LogisticChaotic","chaotic",0.1,100,2,2,2,2,2,2,2,2,1,2,2,2,2,2,2,2,1,1,1,2
175,"LogisticChaotic","chaotic",0.2,100,2,1,2,2,2,1,2,1,1,2,2,2,3,2,2,3,3,1,2,2
176,"LogisticChaotic","chaotic",0.3,100,2,3,3,2,2,2,2,2,2,2,2,3,2,2,2,1,3,2,3,2
177,"LogisticChaotic","chaotic",0.01,250,1,1,1,1,1,1,1,1,1,1,1,1,1,1,1,1,1,1,1,1
178,"LogisticChaotic","chaotic",0.1,250,2,2,1,2,2,2,2,2,1,3,2,2,2,2,2,2,2,2,2,2
179,"LogisticChaotic","chaotic",0.2,250,2,2,2,2,2,2,2,2,2,2,2,2,2,2,2,2,2,2,2,2
180,"LogisticChaotic","chaotic",0.3,250,2,2,2,3,2,2,2,2,2,2,3,2,1,2,2,2,2,3,3,2
181,"LogisticPeriodic","periodic",0.01,25,2,2,2,2,2,2,2,2,2,2,2,2,2,2,2,2,2,2,2,2
182,"LogisticPeriodic","periodic",0.1,25,4,2,1,3,1,4,1,1,5,1,1,4,1,1,1,3,2,1,2,1
183,"LogisticPeriodic","periodic",0.2,25,2,1,1,2,1,2,1,1,2,1,1,1,1,1,1,2,1,4,1,1
184,"LogisticPeriodic","periodic",0.3,25,4,1,2,1,1,1,1,5,4,4,3,3,1,3,5,5,3,1,1,3
185,"LogisticPeriodic","periodic",0.01,50,2,2,2,2,2,2,2,2,2,2,2,2,2,2,2,2,2,2,2,2
186,"LogisticPeriodic","periodic",0.1,50,2,1,1,4,5,3,1,3,1,5,1,3,2,6,3,3,3,4,2,3
187,"LogisticPeriodic","periodic",0.2,50,2,1,1,2,1,3,1,1,3,3,3,1,2,3,1,1,3,1,3,2
188,"LogisticPeriodic","periodic",0.3,50,2,4,6,1,2,2,3,4,2,1,2,3,5,3,3,2,4,2,2,3
189,"LogisticPeriodic","periodic",0.01,75,2,2,2,2,2,2,2,2,2,2,2,2,2,2,2,2,2,2,2,2
190,"LogisticPeriodic","periodic",0.1,75,6,3,1,6,1,3,2,3,4,3,1,6,3,5,4,5,5,3,6,3
191,"LogisticPeriodic","periodic",0.2,75,3,4,2,1,5,1,3,2,1,3,1,3,2,3,3,1,3,2,1,2
192,"LogisticPeriodic","periodic",0.3,75,3,1,3,2,3,1,2,5,3,3,3,3,3,2,3,5,3,3,3,2
193,"LogisticPeriodic","periodic",0.01,100,2,2,2,2,2,2,2,2,2,2,2,2,2,2,2,2,2,2,2,2
194,"LogisticPeriodic","periodic",0.1,100,1,2,6,5,1,6,3,3,6,3,6,3,3,6,5,2,5,6,2,3
195,"LogisticPeriodic","periodic",0.2,100,3,3,2,3,6,6,4,2,3,3,5,2,3,2,4,1,3,3,6,3
196,"LogisticPeriodic","periodic",0.3,100,4,3,3,3,1,1,4,2,4,3,3,4,3,4,3,3,3,3,2,3
197,"LogisticPeriodic","periodic",0.01,250,2,2,2,2,2,2,2,2,2,2,2,2,2,2,2,2,2,2,2,2
198,"LogisticPeriodic","periodic",0.1,250,5,4,4,4,4,5,5,6,6,4,6,5,3,6,6,3,4,3,5,6
199,"LogisticPeriodic","periodic",0.2,250,3,3,5,3,3,6,3,3,3,3,3,3,3,3,6,3,3,4,3,3
200,"LogisticPeriodic","periodic",0.3,250,5,2,4,3,3,3,3,2,3,3,3,3,6,3,3,3,3,3,6,3
201,"PoincareChaotic","chaotic",0.01,25,1,1,1,1,1,1,1,1,3,1,1,1,1,1,1,1,1,1,1,1
202,"PoincareChaotic","chaotic",0.1,25,1,3,1,1,1,1,1,1,1,2,1,1,1,5,2,1,2,2,1,2
203,"PoincareChaotic","chaotic",0.2,25,2,3,1,2,2,5,1,1,5,2,2,3,2,4,2,1,1,2,3,3
204,"PoincareChaotic","chaotic",0.3,25,4,2,2,2,2,2,1,2,2,2,1,1,2,4,2,2,2,2,3,4
205,"PoincareChaotic","chaotic",0.01,50,1,1,1,1,1,1,1,2,1,1,1,1,1,1,1,1,1,1,1,1
206,"PoincareChaotic","chaotic",0.1,50,2,1,2,2,2,1,3,2,3,2,2,2,2,3,2,2,3,2,2,2
207,"PoincareChaotic","chaotic",0.2,50,3,4,2,2,2,3,3,2,4,2,2,4,3,3,2,2,2,3,2,2
208,"PoincareChaotic","chaotic",0.3,50,2,2,2,2,2,3,2,2,2,4,5,3,2,1,2,4,1,2,3,3
209,"PoincareChaotic","chaotic",0.01,75,1,1,1,1,1,1,1,1,1,1,1,1,1,1,1,1,1,1,1,1
210,"PoincareChaotic","chaotic",0.1,75,2,3,3,2,2,1,2,3,2,2,2,2,2,2,3,2,3,2,2,3
211,"PoincareChaotic","chaotic",0.2,75,4,2,3,4,3,2,3,2,3,2,2,3,3,3,3,3,2,3,2,3
212,"PoincareChaotic","chaotic",0.3,75,4,2,2,2,3,2,3,2,2,3,3,5,3,2,6,3,3,2,4,3
213,"PoincareChaotic","chaotic",0.01,100,1,1,1,1,1,1,1,1,1,1,1,1,1,1,1,1,1,1,1,1
214,"PoincareChaotic","chaotic",0.1,100,3,3,2,2,4,3,2,3,3,3,2,2,2,2,3,2,3,3,3,3
215,"PoincareChaotic","chaotic",0.2,100,3,2,2,3,4,2,2,2,3,3,3,2,6,2,3,2,2,3,2,3
216,"PoincareChaotic","chaotic",0.3,100,2,4,2,3,2,3,3,2,3,3,2,3,3,3,2,2,2,3,3,2
217,"PoincareChaotic","chaotic",0.01,250,1,1,1,1,1,1,1,1,1,1,1,1,1,1,1,1,1,1,1,1
218,"PoincareChaotic","chaotic",0.1,250,2,3,3,2,3,3,3,3,3,3,3,3,2,3,3,3,3,3,3,3
219,"PoincareChaotic","chaotic",0.2,250,3,2,2,3,3,3,3,3,2,3,3,3,2,2,3,3,3,3,2,3
220,"PoincareChaotic","chaotic",0.3,250,2,2,2,2,3,3,3,2,3,4,3,3,2,3,2,3,3,4,6,3
221,"LogisticPeriodic8cyc","periodic",0.01,25,4,4,4,4,4,4,4,4,4,4,4,4,4,4,4,4,4,4,5,4
222,"LogisticPeriodic8cyc","periodic",0.1,25,1,1,2,4,2,4,3,1,1,1,1,2,5,1,4,1,1,4,2,1
223,"LogisticPeriodic8cyc","periodic",0.2,25,2,1,5,2,1,4,1,5,5,1,2,1,1,4,2,1,1,2,5,5
224,"LogisticPeriodic8cyc","periodic",0.3,25,1,2,2,3,1,3,1,2,1,3,5,2,2,2,1,1,1,1,1,1
225,"LogisticPeriodic8cyc","periodic",0.01,50,4,4,4,4,4,4,4,4,4,4,6,4,4,4,4,4,4,4,4,6
226,"LogisticPeriodic8cyc","periodic",0.1,50,2,2,2,2,2,4,2,2,2,1,1,2,2,2,3,2,4,3,2,2
227,"LogisticPeriodic8cyc","periodic",0.2,50,2,1,2,1,2,2,2,1,4,2,2,1,1,1,6,2,2,2,2,2
228,"LogisticPeriodic8cyc","periodic",0.3,50,3,3,1,2,5,1,5,1,6,4,2,2,3,2,3,2,3,5,3,2
229,"LogisticPeriodic8cyc","periodic",0.01,75,4,6,4,4,4,4,4,4,4,4,4,6,4,6,4,4,4,4,4,4
230,"LogisticPeriodic8cyc","periodic",0.1,75,5,6,2,2,2,4,5,2,4,2,2,2,6,4,2,2,2,4,2,4
231,"LogisticPeriodic8cyc","periodic",0.2,75,2,3,5,2,5,4,3,2,3,2,4,5,2,3,1,4,2,2,2,4
232,"LogisticPeriodic8cyc","periodic",0.3,75,2,5,3,2,1,3,2,4,5,3,3,2,2,3,4,3,6,2,2,1
233,"LogisticPeriodic8cyc","periodic",0.01,100,4,6,4,4,6,6,4,6,6,4,4,4,4,4,4,4,4,4,4,6
234,"LogisticPeriodic8cyc","periodic",0.1,100,2,2,2,4,4,2,6,2,2,5,6,2,2,6,2,6,2,4,4,4
235,"LogisticPeriodic8cyc","periodic",0.2,100,2,2,2,3,3,5,3,4,2,6,2,2,5,2,2,4,4,5,2,5
236,"LogisticPeriodic8cyc","periodic",0.3,100,4,3,5,5,3,5,5,5,5,4,4,2,3,4,4,3,4,2,4,2
237,"LogisticPeriodic8cyc","periodic",0.01,250,6,6,6,6,6,6,6,6,6,6,6,6,6,6,6,6,6,6,6,6
238,"LogisticPeriodic8cyc","periodic",0.1,250,2,4,4,4,6,2,4,6,4,5,2,6,2,2,4,6,6,2,6,6
239,"LogisticPeriodic8cyc","periodic",0.2,250,4,4,5,2,5,4,2,5,6,4,4,4,4,2,4,6,6,6,4,4
240,"LogisticPeriodic8cyc","periodic",0.3,250,4,6,6,5,5,4,5,6,3,6,5,5,4,5,6,4,5,6,6,3
241,"PredatorPreyChaotic","chaotic",0.01,25,4,2,2,2,4,2,2,2,4,3,2,4,2,2,2,5,2,4,3,2
242,"PredatorPreyChaotic","chaotic",0.1,25,2,2,2,3,2,4,2,2,3,2,2,2,2,3,1,1,2,1,2,2
243,"PredatorPreyChaotic","chaotic",0.2,25,4,2,2,2,2,2,2,4,2,2,3,2,2,2,2,2,2,1,1,2
244,"PredatorPreyChaotic","chaotic",0.3,25,1,2,3,2,2,1,2,2,3,2,2,3,3,2,2,3,2,1,5,2
245,"PredatorPreyChaotic","chaotic",0.01,50,2,2,2,4,2,4,4,2,2,2,2,2,2,2,4,4,4,3,2,2
246,"PredatorPreyChaotic","chaotic",0.1,50,2,2,2,4,2,3,3,2,2,2,2,3,2,2,3,3,2,4,3,2
247,"PredatorPreyChaotic","chaotic",0.2,50,2,2,2,4,3,2,2,4,3,4,2,4,4,2,4,2,3,4,2,3
248,"PredatorPreyChaotic","chaotic",0.3,50,4,2,4,3,2,5,2,2,2,4,5,2,4,3,2,4,2,5,3,3
249,"PredatorPreyChaotic","chaotic",0.01,75,2,2,2,2,2,2,2,2,2,2,2,2,2,2,2,2,2,4,2,2
250,"PredatorPreyChaotic","chaotic",0.1,75,3,2,2,2,2,2,5,2,4,2,3,2,2,3,4,2,2,2,3,2
251,"PredatorPreyChaotic","chaotic",0.2,75,3,4,4,2,3,5,4,4,5,4,4,4,2,2,4,4,2,4,2,2
252,"PredatorPreyChaotic","chaotic",0.3,75,4,5,2,2,3,6,2,2,3,2,2,4,5,4,4,4,2,6,4,3
253,"PredatorPreyChaotic","chaotic",0.01,100,2,4,2,2,2,2,2,2,2,2,2,2,2,2,2,2,2,2,4,2
254,"PredatorPreyChaotic","chaotic",0.1,100,2,2,2,4,2,2,2,2,4,3,2,2,2,4,2,2,2,2,3,2
255,"PredatorPreyChaotic","chaotic",0.2,100,5,2,2,4,6,4,4,2,4,4,4,3,4,3,4,5,6,3,5,2
256,"PredatorPreyChaotic","chaotic",0.3,100,3,6,4,2,5,4,2,6,4,5,4,2,4,2,4,6,4,3,6,3
257,"PredatorPreyChaotic","chaotic",0.01,250,2,2,2,2,2,2,4,4,2,4,2,2,2,2,2,2,2,2,2,2
258,"PredatorPreyChaotic","chaotic",0.1,250,2,2,2,2,2,2,4,2,4,4,4,4,4,4,2,4,4,4,2,2
259,"PredatorPreyChaotic","chaotic",0.2,250,2,4,2,4,3,4,4,5,4,4,6,4,4,4,4,4,4,4,5,4
260,"PredatorPreyChaotic","chaotic",0.3,250,5,4,3,5,4,4,5,4,5,4,4,5,4,6,5,6,4,4,6,4
261,"PredatorPreyPeriodic","periodic",0.01,25,4,3,4,4,4,3,4,4,4,4,4,4,4,3,4,4,4,4,3,3
262,"PredatorPreyPeriodic","periodic",0.1,25,3,5,3,1,3,4,5,5,3,3,3,4,3,2,4,4,2,3,5,3
263,"PredatorPreyPeriodic","periodic",0.2,25,2,3,3,1,1,1,5,3,3,4,3,3,2,3,3,5,2,5,3,2
264,"PredatorPreyPeriodic","periodic",0.3,25,4,5,1,1,2,2,1,1,5,5,3,3,2,1,1,1,1,5,4,1
265,"PredatorPreyPeriodic","periodic",0.01,50,4,4,4,4,4,4,3,4,3,4,3,4,4,4,4,4,3,4,3,4
266,"PredatorPreyPeriodic","periodic",0.1,50,5,1,3,3,3,3,5,3,2,5,3,3,5,3,1,5,4,3,2,3
267,"PredatorPreyPeriodic","periodic",0.2,50,2,2,2,2,5,1,6,1,3,2,4,2,3,2,2,3,2,2,6,3
268,"PredatorPreyPeriodic","periodic",0.3,50,5,3,3,5,2,3,5,2,2,2,5,5,2,3,4,3,1,2,3,6
269,"PredatorPreyPeriodic","periodic",0.01,75,4,4,4,4,4,4,4,4,4,4,3,4,4,4,4,4,4,4,4,4
270,"PredatorPreyPeriodic","periodic",0.1,75,4,3,5,2,5,3,4,5,2,5,2,5,2,3,2,2,3,5,5,5
271,"PredatorPreyPeriodic","periodic",0.2,75,2,5,3,2,3,6,3,2,6,4,2,3,3,2,3,3,2,3,3,3
272,"PredatorPreyPeriodic","periodic",0.3,75,3,2,3,2,2,3,2,5,2,2,3,3,5,2,2,3,2,3,6,6
273,"PredatorPreyPeriodic","periodic",0.01,100,4,4,4,4,4,4,4,4,4,4,4,4,4,4,4,4,4,3,4,4
274,"PredatorPreyPeriodic","periodic",0.1,100,3,5,2,5,3,3,5,3,5,5,5,2,2,5,5,3,5,2,3,3
275,"PredatorPreyPeriodic","periodic",0.2,100,3,3,3,5,3,3,4,3,2,5,6,6,2,3,6,4,3,3,5,5
276,"PredatorPreyPeriodic","periodic",0.3,100,2,4,6,4,6,3,6,4,3,6,3,5,2,5,2,3,3,6,5,6
277,"PredatorPreyPeriodic","periodic",0.01,250,4,4,4,4,4,4,4,4,4,3,4,4,4,4,4,4,4,4,3,4
278,"PredatorPreyPeriodic","periodic",0.1,250,5,3,3,3,5,5,3,5,5,3,3,5,3,5,5,3,5,6,5,3
279,"PredatorPreyPeriodic","periodic",0.2,250,5,5,3,3,2,3,4,3,3,3,3,3,3,3,4,3,3,3,3,5
280,"PredatorPreyPeriodic","periodic",0.3,250,5,6,5,5,6,4,3,3,6,5,5,5,3,5,3,5,5,3,3,3
281,"RandomWalkStochastic","stochastic",0,25,1,4,2,1,1,1,1,1,1,1,2,1,1,2,2,1,3,1,1,4
282,"RandomWalkStochastic","stochastic",0.1,25,1,1,1,2,1,1,1,1,1,1,1,1,1,2,1,1,1,1,1,1
283,"RandomWalkStochastic","stochastic",0.2,25,1,3,1,1,1,1,1,1,1,1,1,2,1,1,1,1,2,1,4,1
284,"RandomWalkStochastic","stochastic",0.3,25,1,1,1,1,4,3,1,1,1,1,1,1,1,2,1,1,5,1,1,1
285,"RandomWalkStochastic","stochastic",0,50,1,1,1,2,1,1,1,1,1,1,2,1,1,1,1,5,1,1,1,1
286,"RandomWalkStochastic","stochastic",0.1,50,2,2,2,6,1,2,2,1,4,1,5,3,1,4,1,2,2,1,2,1
287,"RandomWalkStochastic","stochastic",0.2,50,1,2,1,1,5,1,3,1,2,4,1,2,4,5,2,1,2,1,1,1
288,"RandomWalkStochastic","stochastic",0.3,50,1,2,2,2,1,1,1,2,1,2,1,1,1,1,3,1,1,1,5,2
289,"RandomWalkStochastic","stochastic",0,75,1,1,1,1,1,2,1,2,1,1,1,2,1,1,2,1,1,1,1,1
290,"RandomWalkStochastic","stochastic",0.1,75,2,2,3,3,2,5,1,2,2,1,1,1,2,3,3,3,3,1,2,2
291,"RandomWalkStochastic","stochastic",0.2,75,1,4,2,1,2,3,3,1,1,3,3,2,2,3,3,6,3,2,1,1
292,"RandomWalkStochastic","stochastic",0.3,75,3,3,3,3,5,2,5,2,4,1,2,1,3,2,6,1,2,2,3,5
293,"RandomWalkStochastic","stochastic",0,100,1,2,1,1,1,1,1,1,1,1,1,1,1,1,1,1,1,1,1,1
294,"RandomWalkStochastic","stochastic",0.1,100,2,3,2,2,1,1,1,1,5,1,2,2,2,3,2,2,5,2,1,1
295,"RandomWalkStochastic","stochastic",0.2,100,1,3,3,5,1,4,1,2,3,4,2,2,5,5,4,5,4,2,2,2
296,"RandomWalkStochastic","stochastic",0.3,100,2,3,2,3,2,4,4,1,1,2,3,2,3,3,3,5,3,6,2,5
297,"RandomWalkStochastic","stochastic",0,250,1,1,1,1,1,1,1,1,1,1,1,3,1,2,1,1,1,1,4,3
298,"RandomWalkStochastic","stochastic",0.1,250,2,3,4,2,1,2,1,3,2,2,3,5,1,2,2,3,4,2,3,2
299,"RandomWalkStochastic","stochastic",0.2,250,4,3,3,2,4,4,6,2,2,5,3,6,2,4,4,3,3,2,2,6
300,"RandomWalkStochastic","stochastic",0.3,250,4,4,4,5,5,3,3,6,3,3,4,6,5,6,5,6,4,4,3,5
301,"RandomWalkTrendStochastic","stochastic",0,25,1,1,2,2,1,1,4,1,1,1,1,1,1,5,1,1,1,2,2,4
302,"RandomWalkTrendStochastic","stochastic",0.1,25,1,1,1,1,1,2,1,1,5,3,1,1,1,2,1,1,2,5,2,1
303,"RandomWalkTrendStochastic","stochastic",0.2,25,1,1,1,1,1,2,1,1,1,1,1,2,1,1,2,1,1,1,1,1
304,"RandomWalkTrendStochastic","stochastic",0.3,25,1,1,1,1,1,1,1,1,1,1,1,1,1,1,1,4,1,5,1,4
305,"RandomWalkTrendStochastic","stochastic",0,50,1,2,5,1,1,1,3,1,1,1,1,1,1,1,1,1,1,1,1,2
306,"RandomWalkTrendStochastic","stochastic",0.1,50,1,2,1,1,4,1,1,1,1,1,5,1,3,1,2,2,1,1,2,1
307,"RandomWalkTrendStochastic","stochastic",0.2,50,4,1,1,1,1,1,1,3,1,5,1,3,3,2,1,2,1,1,2,2
308,"RandomWalkTrendStochastic","stochastic",0.3,50,1,1,1,1,2,6,1,5,2,2,5,6,2,1,1,6,3,1,2,2
309,"RandomWalkTrendStochastic","stochastic",0,75,6,1,1,1,1,1,1,1,1,1,1,1,6,1,1,1,1,2,1,3
310,"RandomWalkTrendStochastic","stochastic",0.1,75,2,2,1,1,1,1,1,1,1,1,1,1,1,1,2,2,2,2,1,1
311,"RandomWalkTrendStochastic","stochastic",0.2,75,2,1,6,4,2,1,4,3,5,4,1,1,1,3,1,3,3,3,2,1
312,"RandomWalkTrendStochastic","stochastic",0.3,75,3,3,3,4,3,1,2,2,6,3,1,2,2,3,3,3,2,2,3,5
313,"RandomWalkTrendStochastic","stochastic",0,100,1,5,1,1,1,2,1,1,1,1,1,1,1,1,1,1,1,1,1,1
314,"RandomWalkTrendStochastic","stochastic",0.1,100,1,2,2,1,2,2,1,1,1,1,3,1,1,2,1,1,1,2,1,1
315,"RandomWalkTrendStochastic","stochastic",0.2,100,2,2,3,1,2,1,2,1,5,2,3,2,4,3,2,2,2,2,6,2
316,"RandomWalkTrendStochastic","stochastic",0.3,100,2,3,3,4,3,1,3,3,4,2,3,3,4,3,3,6,4,2,2,3
317,"RandomWalkTrendStochastic","stochastic",0,250,1,1,1,1,1,1,1,1,1,6,1,1,1,1,1,1,1,1,1,1
318,"RandomWalkTrendStochastic","stochastic",0.1,250,1,2,1,1,1,2,1,1,3,2,2,1,1,1,1,2,2,1,2,1
319,"RandomWalkTrendStochastic","stochastic",0.2,250,1,1,4,2,2,2,1,2,2,1,3,1,2,3,3,3,3,2,3,2
320,"RandomWalkTrendStochastic","stochastic",0.3,250,3,3,2,4,3,2,2,3,4,4,3,4,4,4,5,3,1,6,2,3
321,"RedNoiseStochastic","stochastic",0,25,1,1,3,1,2,1,1,2,1,2,3,1,2,2,1,2,2,2,2,1
322,"RedNoiseStochastic","stochastic",0.1,25,5,3,1,4,2,2,2,4,1,2,1,1,2,2,1,1,1,1,1,2
323,"RedNoiseStochastic","stochastic",0.2,25,4,2,1,5,1,3,3,1,2,1,1,1,1,1,1,1,5,1,1,2
324,"RedNoiseStochastic","stochastic",0.3,25,4,2,1,2,2,1,1,1,1,1,1,2,1,2,3,3,1,1,1,4
325,"RedNoiseStochastic","stochastic",0,50,5,1,1,1,1,2,1,1,3,3,4,1,4,5,6,1,1,1,1,1
326,"RedNoiseStochastic","stochastic",0.1,50,3,1,1,1,1,4,1,3,1,2,1,2,4,2,6,2,6,3,1,1
327,"RedNoiseStochastic","stochastic",0.2,50,1,5,1,1,5,6,1,4,1,4,2,1,1,5,2,4,1,1,1,1
328,"RedNoiseStochastic","stochastic",0.3,50,1,1,2,2,2,6,1,2,1,1,4,1,1,1,2,1,1,3,2,1
329,"RedNoiseStochastic","stochastic",0,75,1,1,1,1,1,1,1,2,1,1,2,1,2,5,1,1,1,3,1,1
330,"RedNoiseStochastic","stochastic",0.1,75,1,5,1,1,3,1,1,1,2,1,1,2,1,1,1,6,2,3,1,2
331,"RedNoiseStochastic","stochastic",0.2,75,1,1,3,6,1,1,4,1,3,2,1,1,3,1,1,1,1,1,3,1
332,"RedNoiseStochastic","stochastic",0.3,75,3,1,4,1,1,1,2,1,2,1,2,1,1,2,4,1,1,1,1,2
333,"RedNoiseStochastic","stochastic",0,100,2,1,1,1,1,6,5,1,4,1,1,4,1,2,6,1,1,1,2,6
334,"RedNoiseStochastic","stochastic",0.1,100,2,1,1,3,2,1,3,1,1,1,1,1,1,3,1,1,1,1,1,1
335,"RedNoiseStochastic","stochastic",0.2,100,2,1,1,1,1,2,1,2,1,2,1,1,3,2,1,2,1,1,6,1
336,"RedNoiseStochastic","stochastic",0.3,100,1,1,1,1,1,1,1,2,2,1,1,1,2,1,1,1,1,1,5,1
337,"RedNoiseStochastic","stochastic",0,250,1,1,1,1,1,1,5,1,1,1,1,1,2,1,1,1,2,1,4,1
338,"RedNoiseStochastic","stochastic",0.1,250,1,1,1,1,1,1,1,1,1,1,1,1,1,1,1,1,1,1,1,1
339,"RedNoiseStochastic","stochastic",0.2,250,1,1,1,1,1,1,1,1,1,1,1,1,2,1,1,1,1,1,1,1
340,"RedNoiseStochastic","stochastic",0.3,250,1,1,1,1,1,1,1,1,2,2,1,1,1,1,1,1,1,2,1,2
341,"RickerChaotic","chaotic",0.01,25,2,1,1,2,1,3,1,1,1,1,2,2,3,1,1,2,1,2,1,2
342,"RickerChaotic","chaotic",0.1,25,1,2,2,4,2,1,2,2,2,2,2,3,4,3,2,2,2,2,3,2
343,"RickerChaotic","chaotic",0.2,25,5,2,5,2,3,2,1,2,2,2,3,2,2,2,4,4,2,1,3,2
344,"RickerChaotic","chaotic",0.3,25,2,4,4,3,2,3,2,2,2,2,2,3,1,4,2,2,2,3,2,2
345,"RickerChaotic","chaotic",0.01,50,3,3,3,3,2,3,2,3,3,1,2,3,1,3,2,3,3,2,3,3
346,"RickerChaotic","chaotic",0.1,50,2,3,2,2,2,3,2,2,3,2,2,2,2,2,2,3,3,3,2,3
347,"RickerChaotic","chaotic",0.2,50,3,2,2,2,3,3,2,2,2,2,5,2,2,3,2,2,2,3,2,2
348,"RickerChaotic","chaotic",0.3,50,4,4,2,2,4,2,6,2,2,2,2,4,2,2,2,2,2,2,4,4
349,"RickerChaotic","chaotic",0.01,75,3,2,3,3,3,3,3,3,1,2,3,3,3,3,1,2,3,3,3,3
350,"RickerChaotic","chaotic",0.1,75,3,3,2,2,3,3,3,2,2,3,2,3,2,2,2,2,2,3,2,2
351,"RickerChaotic","chaotic",0.2,75,2,2,2,2,2,2,3,4,5,3,2,2,2,3,3,3,3,3,2,2
352,"RickerChaotic","chaotic",0.3,75,3,2,3,2,2,4,2,2,2,4,2,2,2,2,2,2,2,3,2,2
353,"RickerChaotic","chaotic",0.01,100,3,3,3,3,3,3,4,3,3,3,3,3,3,3,3,3,3,3,3,3
354,"RickerChaotic","chaotic",0.1,100,3,3,4,3,3,3,3,4,3,3,3,3,3,3,4,3,2,3,2,3
355,"RickerChaotic","chaotic",0.2,100,2,3,2,2,2,2,4,3,2,3,2,3,3,3,2,2,3,2,2,3
356,"RickerChaotic","chaotic",0.3,100,4,2,2,3,2,2,3,2,3,3,2,2,3,2,2,2,3,4,3,2
357,"RickerChaotic","chaotic",0.01,250,3,3,3,3,3,3,3,3,3,3,3,3,3,3,3,3,3,3,3,3
358,"RickerChaotic","chaotic",0.1,250,3,3,3,3,3,3,3,3,3,3,3,3,3,3,3,3,3,3,2,3
359,"RickerChaotic","chaotic",0.2,250,3,3,3,3,3,3,3,3,3,3,3,3,3,3,3,3,2,3,3,3
360,"RickerChaotic","chaotic",0.3,250,3,3,3,3,3,2,4,2,3,2,3,3,4,2,2,3,3,3,3,3
361,"RickerPeriodic","periodic",0.01,25,1,1,1,1,1,1,1,1,1,1,1,1,1,1,1,1,1,1,1,1
362,"RickerPeriodic","periodic",0.1,25,3,4,1,1,1,3,3,1,3,3,1,2,2,1,3,2,1,2,4,2
363,"RickerPeriodic","periodic",0.2,25,1,1,1,3,1,1,1,1,5,1,1,1,1,1,3,1,1,2,2,1
364,"RickerPeriodic","periodic",0.3,25,1,1,2,2,1,1,1,1,1,1,1,1,3,1,2,3,1,1,1,1
365,"RickerPeriodic","periodic",0.01,50,1,1,1,1,1,1,1,1,1,1,1,1,1,1,1,1,1,1,1,1
366,"RickerPeriodic","periodic",0.1,50,3,3,4,2,3,2,2,3,2,2,3,1,2,2,2,1,2,2,2,4
367,"RickerPeriodic","periodic",0.2,50,1,1,1,1,5,1,1,4,1,1,1,2,1,1,1,1,2,1,1,1
368,"RickerPeriodic","periodic",0.3,50,1,1,3,2,1,1,3,1,1,5,1,5,1,1,2,1,2,2,1,2
369,"RickerPeriodic","periodic",0.01,75,1,1,1,1,1,1,1,1,1,1,1,1,1,1,1,1,1,1,1,1
370,"RickerPeriodic","periodic",0.1,75,1,3,5,4,3,1,1,3,4,2,1,3,1,3,2,2,1,2,2,2
371,"RickerPeriodic","periodic",0.2,75,1,6,1,6,1,5,1,1,1,1,1,4,1,1,5,3,1,2,1,3
372,"RickerPeriodic","periodic",0.3,75,6,2,2,1,2,1,3,1,1,5,1,5,5,1,1,4,1,1,1,5
373,"RickerPeriodic","periodic",0.01,100,1,1,1,1,1,1,1,1,1,1,1,1,1,1,1,1,1,1,1,1
374,"RickerPeriodic","periodic",0.1,100,2,1,3,2,2,3,2,2,2,3,1,5,2,5,2,3,2,1,2,2
375,"RickerPeriodic","periodic",0.2,100,6,3,1,2,1,1,5,2,1,1,1,1,1,2,1,1,2,2,3,1
376,"RickerPeriodic","periodic",0.3,100,1,5,1,2,1,2,3,1,1,1,1,5,1,2,2,1,1,1,1,2
377,"RickerPeriodic","periodic",0.01,250,1,1,1,1,1,1,1,1,1,1,1,1,1,1,1,1,1,1,1,1
378,"RickerPeriodic","periodic",0.1,250,2,3,2,5,3,2,3,2,2,3,2,3,5,2,3,2,3,2,3,2
379,"RickerPeriodic","periodic",0.2,250,1,1,1,5,6,5,2,4,1,5,1,6,1,1,4,1,1,1,3,6
380,"RickerPeriodic","periodic",0.3,250,3,1,1,2,1,2,3,5,1,3,1,2,4,3,1,2,1,3,4,5
381,"SineWavePeriodic","periodic",0.01,25,2,2,2,2,2,2,2,2,2,2,2,2,2,2,2,2,2,2,2,2
382,"SineWavePeriodic","periodic",0.1,25,4,4,4,3,5,2,4,3,4,4,5,4,3,4,4,4,5,5,5,3
383,"SineWavePeriodic","periodic",0.2,25,4,4,5,5,4,5,4,2,5,4,4,4,4,2,5,4,2,4,3,5
384,"SineWavePeriodic","periodic",0.3,25,4,5,5,5,3,4,3,4,4,2,2,4,3,4,2,5,3,5,4,5
385,"SineWavePeriodic","periodic",0.01,50,2,2,2,2,2,2,2,2,2,2,2,2,2,2,2,2,2,2,2,2
386,"SineWavePeriodic","periodic",0.1,50,5,4,6,5,5,4,5,3,4,6,5,5,6,5,4,6,4,4,6,4
387,"SineWavePeriodic","periodic",0.2,50,5,3,4,5,6,5,6,4,6,5,5,6,5,6,5,6,4,6,6,6
388,"SineWavePeriodic","periodic",0.3,50,4,6,5,6,5,6,5,1,4,4,6,4,5,5,4,5,5,6,5,6
389,"SineWavePeriodic","periodic",0.01,75,2,2,2,2,2,2,2,2,2,2,2,2,2,2,2,2,2,2,2,2
390,"SineWavePeriodic","periodic",0.1,75,4,4,5,6,5,3,5,6,4,6,5,5,4,4,5,6,5,4,6,6
391,"SineWavePeriodic","periodic",0.2,75,6,5,5,6,2,6,6,6,6,2,4,5,5,5,6,5,5,5,5,5
392,"SineWavePeriodic","periodic",0.3,75,6,5,3,5,2,5,6,6,5,6,4,6,6,2,2,6,5,6,6,5
393,"SineWavePeriodic","periodic",0.01,100,2,2,2,2,2,2,2,2,2,2,2,2,2,2,2,2,2,2,2,2
394,"SineWavePeriodic","periodic",0.1,100,6,6,6,5,4,6,5,4,3,6,3,5,6,5,5,4,4,6,6,4
395,"SineWavePeriodic","periodic",0.2,100,6,6,6,6,5,6,5,6,3,6,3,5,5,5,5,5,6,6,6,5
396,"SineWavePeriodic","periodic",0.3,100,6,2,5,6,6,6,5,6,5,6,3,5,5,5,6,6,6,6,6,6
397,"SineWavePeriodic","periodic",0.01,250,2,2,2,2,2,2,2,2,2,2,2,2,2,2,2,2,2,2,2,2
398,"SineWavePeriodic","periodic",0.1,250,6,5,6,5,3,6,4,6,4,5,6,6,5,5,5,6,6,6,5,6
399,"SineWavePeriodic","periodic",0.2,250,6,6,6,6,6,6,5,4,6,6,4,4,6,4,6,6,6,6,6,6
400,"SineWavePeriodic","periodic",0.3,250,6,6,5,6,6,5,4,6,5,5,6,6,6,6,4,6,5,6,4,6
401,"WhiteNoiseStochastic","stochastic",0,25,1,2,1,1,1,1,1,1,1,1,1,1,1,3,1,1,1,1,1,1
402,"WhiteNoiseStochastic","stochastic",0.1,25,1,1,1,1,4,1,2,1,2,1,1,1,1,1,1,1,1,1,1,1
403,"WhiteNoiseStochastic","stochastic",0.2,25,1,1,1,1,2,1,1,1,1,1,1,1,1,1,1,1,1,1,1,1
404,"WhiteNoiseStochastic","stochastic",0.3,25,1,1,1,2,1,3,1,1,1,4,2,1,1,2,1,1,1,1,1,5
405,"WhiteNoiseStochastic","stochastic",0,50,2,2,2,1,2,1,1,1,1,4,2,4,1,2,3,1,3,1,1,1
406,"WhiteNoiseStochastic","stochastic",0.1,50,1,1,2,5,2,1,2,3,2,1,1,1,1,1,1,1,1,2,1,1
407,"WhiteNoiseStochastic","stochastic",0.2,50,1,3,2,2,2,1,1,1,3,1,2,1,1,2,2,1,1,1,3,1
408,"WhiteNoiseStochastic","stochastic",0.3,50,2,1,2,2,2,1,1,1,1,2,1,2,1,1,1,1,1,1,1,2
409,"WhiteNoiseStochastic","stochastic",0,75,5,5,1,1,4,5,1,4,3,1,2,2,2,1,1,1,2,1,1,1
410,"WhiteNoiseStochastic","stochastic",0.1,75,2,1,2,3,3,1,3,6,3,1,2,1,2,1,2,1,2,2,1,1
411,"WhiteNoiseStochastic","stochastic",0.2,75,1,5,2,1,1,3,1,1,1,3,4,1,1,2,3,1,3,2,4,1
412,"WhiteNoiseStochastic","stochastic",0.3,75,1,2,1,2,1,1,4,1,1,3,1,2,1,2,1,3,5,1,3,6
413,"WhiteNoiseStochastic","stochastic",0,100,1,2,1,1,2,1,1,1,6,5,1,1,1,4,4,1,3,2,1,5
414,"WhiteNoiseStochastic","stochastic",0.1,100,5,1,1,3,4,2,1,3,2,4,1,5,1,1,1,1,1,4,1,4
415,"WhiteNoiseStochastic","stochastic",0.2,100,2,3,6,3,1,3,6,1,1,1,3,2,1,4,1,1,1,2,2,2
416,"WhiteNoiseStochastic","stochastic",0.3,100,2,6,3,6,1,4,2,3,4,2,1,1,3,1,1,2,1,1,1,1
417,"WhiteNoiseStochastic","stochastic",0,250,1,4,2,1,1,1,1,2,3,1,1,1,1,4,1,1,4,1,1,1
418,"WhiteNoiseStochastic","stochastic",0.1,250,3,4,3,1,3,6,1,1,2,1,2,1,2,1,3,4,1,1,1,1
419,"WhiteNoiseStochastic","stochastic",0.2,250,1,1,2,4,2,1,1,1,2,2,1,4,1,1,5,5,2,1,1,5
420,"WhiteNoiseStochastic","stochastic",0.3,250,5,1,4,1,5,1,5,1,1,1,1,1,1,3,4,1,1,5,2,4
